RNUM,NATION_NM,ISIN,KOR_SECN_NM,SUM_FRSEC_BUY_AMT,SUM_FRSEC_SELL_AMT,SUM_FRSEC_TOT_AMT,SUM_FRSEC_NET_BUY_AMT,month
1,미국,US88160R1014,TESLA INC,1305283072,1023676591,2328959663,281606480,2023-01
2,미국,US25460G3368,DIREXION DAILY SEMICONDUCTOR BEAR 3X ETF,1096989466,945050833,2042040299,151938633,2023-01
3,미국,US25459W4583,DIREXION DAILY SEMICONDUCTORS BULL 3X SHS ETF,946435805,1084589541,2031025345,-138153736,2023-01
4,미국,US74347G4322,PROSHARES ULTRAPRO SHORT QQQ ETF,846228961,750251614,1596480575,95977347,2023-01
5,미국,US74347X8314,PROSHARES ULTRAPRO QQQ ETF,772223549,883111405,1655334954,-110887856,2023-01
6,미국,US0378331005,APPLE INC,247860015,161116316,408976330,86743699,2023-01
7,미국,US25460G2865,DIREXION DAILY TSLA BULL 2X SHARES,178194199,173455166,351649364,4739033,2023-01
8,미국,US74347Y8701,PROSHARES ULTRA BLOOMBERG NATURAL GAS ETF SPLR 007184947 US74347Y7067,140048646,106385180,246433826,33663466,2023-01
9,미국,US67066G1040,NVIDIA CORP,138194688,135231721,273426409,2962968,2023-01
10,미국,US25459W5408,DIREXION DAILY 20+ YEAR TREASURY BULL 3X SHS ETF,99018217,89644138,188662355,9374078,2023-01
11,미국,US8740391003,TAIWAN SEMICONDUCTOR MANUFACTURING CO LTD ADR,94954071,34016893,128970964,60937178,2023-01
12,미국,US46144X8671,AXS TSLA BEAR DAILY ETF,88595721,81236479,169832200,7359242,2023-01
13,미국,US5949181045,MICROSOFT CORP,86661362,63406727,150068090,23254635,2023-01
14,미국,US0231351067,AMAZON.COM INC,79840561,75476617,155317178,4363944,2023-01
15,미국,US4642872422,ISHARES IBOXX USD INVESTMENT GRADE CORPORATE BOND ETF,77830286,1373120,79203406,76457167,2023-01
16,미국,US0758961009,BED BATH & BEYOND INC,77277292,66752759,144030051,10524533,2023-01
17,미국,US02079K3059,ALPHABET INC CL A,73059465,110548224,183607689,-37488760,2023-01
18,미국,US4642886794,ISHARES SHORT TREASURY BOND ETF,70210017,67340546,137550563,2869472,2023-01
19,미국,US4642874329,ISHARES 20+ YEAR TREASURY BOND ETF,56024357,49397845,105422202,6626513,2023-01
20,미국,US46641Q3323,JP MORGAN EQUITY PREMIUM INCOME ETF,54822705,15721229,70543934,39101476,2023-01
21,미국,US25490K3234,DIREXION DAILY SP BIOTECH BULL 3X SHS ETF,53543438,62574256,116117694,-9030818,2023-01
22,미국,US92189H3003,VANECK JP MORGAN EM LOCAL CURRENCY BOND ETF,50945698,11186588,62132286,39759110,2023-01
23,미국,US74347Y8131,PROETF ULTRASHORT BLOOMBERG NATURAL GAS,49188864,60983748,110172612,-11794884,2023-01
24,미국,US00180N1019,AMTD DIGITAL INC SPON ADS EACH REP 0.4 ORD SHS,48741981,37448195,86190176,11293787,2023-01
25,미국,US4642885135,ISHARES IBOXX USD HIGH YIELD CORPORATE BOND ETF,48422900,1214214,49637114,47208686,2023-01
26,미국,US4642882579,ISHARES MSCI ACWI ETF,47710710,3333572,51044282,44377138,2023-01
27,미국,US76954A1034,RIVIAN AUTOMOTIVE INC,45029973,32813331,77843305,12216642,2023-01
28,미국,US0636795348,MicroSectors FANG+ Index 3X Leveraged ETN,44176392,53726281,97902673,-9549888,2023-01
29,미국,US25460E5217,DIREXION DAILY FTSE CHINA BEAR 3X SHS ETF SPLR 005718961 US25490K8365,43338074,36474385,79812459,6863689,2023-01
30,미국,US46090E1038,INVESCO QQQ TRUST SRS 1 ETF,42380000,38726722,81106722,3653278,2023-01
31,미국,US46641Q8371,JP MORGAN ULTRA SHORT INCOME ETF,40248588,1147839,41396426,39100749,2023-01
32,미국,US25460G1875,DIREXION DAILY CSI CHINA INTERNET IDX BULL 2X SHS ETF SPLR 009233425 US25460E5050,39089260,37846405,76935666,1242855,2023-01
33,미국,US0079031078,ADVANCED MICRO DEVICES INC,35631114,27230945,62862059,8400169,2023-01
34,홍콩,HK0000562659,GLOBAL X CHINA ELECTRIC VEHICLE AND BATTERY ETF (HKD),35019452,33133612,68153064,1885839,2023-01
35,미국,US4642882819,ISHARES JP MORGAN USD EMERGING MARKETS BOND ETF,34896503,424207,35320710,34472296,2023-01
36,미국,US25460G1958,DIREXION DAILY FTSE CHINA BULL 3X SHARES,33755984,23133839,56889823,10622145,2023-01
37,미국,US62526P1093,MULLEN AUTOMOTIVE INC,33483036,32983263,66466299,499773,2023-01
38,미국,US74347G6483,PROSHARES ULTRAPRO SHORT DOW 30 ETF SPLR 008181636 US74347G3092,33449767,36821417,70271184,-3371651,2023-01
39,미국,US5494981039,LUCID GROUP INC,32661449,28822811,61484259,3838638,2023-01
40,미국,US25460G7161,DIREXION DAILY SP BIOTECH BEAR 3X SHS ETF,31714837,29193569,60908405,2521268,2023-01
41,홍콩,KYG017191142,ALIBABA GROUP HOLDING LTD,30768144,29271901,60040045,1496243,2023-01
42,미국,US78462F1030,SPDR SP 500 ETF TRUST,30295894,73179234,103475127,-42883340,2023-01
43,미국,US19260Q1076,COINBASE GLOBAL INC,28618260,30095429,58713689,-1477168,2023-01
44,미국,US4581401001,INTEL CORP,26722594,13961363,40683958,12761231,2023-01
45,미국,SGXZ34583559,GENIUS GROUP LTD,25553502,24546747,50100250,1006755,2023-01
46,미국,US22266T1097,COUPANG INC,25467951,19319324,44787275,6148627,2023-01
47,미국,US46222L1089,IONQ INC,25282951,20519169,45802120,4763782,2023-01
48,미국,US91332U1016,UNITY SOFTWARE INC,24778758,22964996,47743754,1813761,2023-01
49,미국,US8085247976,SCHWAB US DIVIDEND EQUITY ETF,24505870,9839376,34345246,14666495,2023-01
50,미국,US74347Y8396,PROSHARES ULTRA VIX SHORT TERM FUTURES ETF,23932487,22636500,46568988,1295987,2023-01
1,미국,US88160R1014,TESLA INC,1639641297,1823180760,3462822057,-183539464,2023-02
2,미국,US25460G3368,DIREXION DAILY SEMICONDUCTOR BEAR 3X ETF,949131188,913700776,1862831964,35430412,2023-02
3,미국,US74347X8314,PROSHARES ULTRAPRO QQQ ETF,942810096,976037688,1918847784,-33227592,2023-02
4,미국,US74347G4322,PROSHARES ULTRAPRO SHORT QQQ ETF,865622812,787557613,1653180425,78065198,2023-02
5,미국,US25459W4583,DIREXION DAILY SEMICONDUCTORS BULL 3X SHS ETF,812659146,861684869,1674344015,-49025724,2023-02
6,미국,US02079K3059,ALPHABET INC CL A,323275071,188819762,512094832,134455309,2023-02
7,미국,US67066G1040,NVIDIA CORP,304938358,470132886,775071243,-165194528,2023-02
8,미국,US5949181045,MICROSOFT CORP,247296005,124692511,371988516,122603495,2023-02
9,미국,US74347Y8701,PROSHARES ULTRA BLOOMBERG NATURAL GAS ETF SPLR 007184947 US74347Y7067,208641922,179916771,388558692,28725151,2023-02
10,미국,US25460G2865,DIREXION DAILY TSLA BULL 2X SHARES,204071256,201529342,405600598,2541913,2023-02
11,미국,US0378331005,APPLE INC,162571335,289882325,452453661,-127310990,2023-02
12,미국,US25459W5408,DIREXION DAILY 20+ YEAR TREASURY BULL 3X SHS ETF,162500221,78667155,241167376,83833067,2023-02
13,미국,US5494981039,LUCID GROUP INC,148589288,128188997,276778285,20400290,2023-02
14,미국,US0231351067,AMAZON.COM INC,132676360,99170272,231846631,33506088,2023-02
15,미국,US46144X8671,AXS TSLA BEAR DAILY ETF,122175680,110425547,232601227,11750133,2023-02
16,미국,US4642872422,ISHARES IBOXX USD INVESTMENT GRADE CORPORATE BOND ETF,116983258,137744901,254728159,-20761643,2023-02
17,미국,US0758961009,BED BATH & BEYOND INC,111963417,80545370,192508787,31418047,2023-02
18,미국,US46641Q3323,JP MORGAN EQUITY PREMIUM INCOME ETF,91499929,27105394,118605322,64394535,2023-02
19,미국,US0636795348,MicroSectors FANG+ Index 3X Leveraged ETN,81903516,87557924,169461440,-5654408,2023-02
20,미국,US0079031078,ADVANCED MICRO DEVICES INC,75982826,88464866,164447692,-12482040,2023-02
21,미국,US4642886794,ISHARES SHORT TREASURY BOND ETF,72964143,72499539,145463682,464604,2023-02
22,미국,US19260Q1076,COINBASE GLOBAL INC,69414240,69270019,138684259,144221,2023-02
23,미국,US91332U1016,UNITY SOFTWARE INC,66439008,58064282,124503290,8374727,2023-02
24,미국,US8740391003,TAIWAN SEMICONDUCTOR MANUFACTURING CO LTD ADR,65985105,59571969,125557074,6413136,2023-02
25,미국,US06367V2043,BMO MICROSECTORS FANG INDEX 3X INVERSE LEVERAGED ETN,64982761,54189471,119172232,10793291,2023-02
26,미국,US4581401001,INTEL CORP,64650641,43380251,108030892,21270391,2023-02
27,미국,US74347Y8131,PROETF ULTRASHORT BLOOMBERG NATURAL GAS,62761151,70456227,133217378,-7695076,2023-02
28,미국,US4642874329,ISHARES 20+ YEAR TREASURY BOND ETF,57282093,37104523,94386616,20177570,2023-02
29,미국,US76954A1034,RIVIAN AUTOMOTIVE INC,56102376,54035665,110138041,2066711,2023-02
30,미국,US30303M1027,META PLATFORMS INC CL A,54471138,87616627,142087765,-33145489,2023-02
31,미국,US25460G1875,DIREXION DAILY CSI CHINA INTERNET IDX BULL 2X SHS ETF SPLR 009233425 US25460E5050,48376395,29617586,77993981,18758808,2023-02
32,미국,US46090E1038,INVESCO QQQ TRUST SRS 1 ETF,46158033,59735113,105893146,-13577079,2023-02
33,미국,US46222L1089,IONQ INC,45698422,42924370,88622792,2774052,2023-02
34,미국,US02079K1079,ALPHABET INC CL C CHAN 39527405649 US38259P7069,43575969,25432899,69008868,18143070,2023-02
35,미국,US22266T1097,COUPANG INC,42499260,21144402,63643662,21354858,2023-02
36,미국,US12468P1049,C3.AI INC,41949858,33791742,75741600,8158117,2023-02
37,미국,US1468691027,CARVANA CO,41783387,38631992,80415379,3151394,2023-02
38,미국,US13803R1023,CANOO INC EXOF 007801300 US42589C2035,38798091,21781988,60580079,17016102,2023-02
39,미국,US8361001071,SOUNDHOUND AI INC CL A,38507783,31938622,70446405,6569161,2023-02
40,미국,US8085247976,SCHWAB US DIVIDEND EQUITY ETF,37526347,10433834,47960182,27092513,2023-02
41,미국,US12430A1025,BUZZFEED INC CL A,37090883,31910448,69001331,5180435,2023-02
42,미국,US25490K3234,DIREXION DAILY SP BIOTECH BULL 3X SHS ETF,35900381,30838617,66738998,5061764,2023-02
43,홍콩,KYG017191142,ALIBABA GROUP HOLDING LTD,33584298,18616335,52200634,14967963,2023-02
44,미국,US0636795595,BOM MICROSECTORS FANG INN 3X LEV ETN,33092045,44396356,77488401,-11304312,2023-02
45,미국,US4642885135,ISHARES IBOXX USD HIGH YIELD CORPORATE BOND ETF,32959252,23604599,56563852,9354653,2023-02
46,미국,US4642882579,ISHARES MSCI ACWI ETF,32852289,44491118,77343407,-11638829,2023-02
47,미국,US25460G1958,DIREXION DAILY FTSE CHINA BULL 3X SHARES,31973541,22044966,54018507,9928575,2023-02
48,미국,US78462F1030,SPDR SP 500 ETF TRUST,31353540,39852131,71205671,-8498591,2023-02
49,미국,US25460G2600,DIREXION DAILY TSLA BEAR 1X SHARES,31261971,26446664,57708635,4815306,2023-02
50,미국,US74347G7390,PROSHARES ULTRASHORT QQQ ETF SPLR 007843003 US74347B2438,30158942,17815344,47974285,12343598,2023-02
1,미국,US88160R1014,TESLA INC,1340793332,1253619069,2594412402,87174263,2023-03
2,미국,US74347G4322,PROSHARES ULTRAPRO SHORT QQQ ETF,1044323110,1037061429,2081384539,7261680,2023-03
3,미국,US25459W4583,DIREXION DAILY SEMICONDUCTORS BULL 3X SHS ETF,1005623289,1029966560,2035589849,-24343271,2023-03
4,미국,US25460G3368,DIREXION DAILY SEMICONDUCTOR BEAR 3X ETF,858076129,926780944,1784857073,-68704814,2023-03
5,미국,US74347X8314,PROSHARES ULTRAPRO QQQ ETF,797595977,876032115,1673628092,-78436138,2023-03
6,미국,US25459W5408,DIREXION DAILY 20+ YEAR TREASURY BULL 3X SHS ETF,390138718,253067258,643205976,137071459,2023-03
7,미국,US33616C1009,FIRST REPUBLIC BANK,361121965,259596258,620718222,101525707,2023-03
8,미국,US67066G1040,NVIDIA CORP,313442252,513766656,827208908,-200324404,2023-03
9,미국,US74347Y8701,PROSHARES ULTRA BLOOMBERG NATURAL GAS ETF SPLR 007184947 US74347Y7067,225360479,202681920,428042399,22678559,2023-03
10,미국,US5949181045,MICROSOFT CORP,221807992,190149739,411957730,31658253,2023-03
11,미국,US9229083632,VANGUARD SP 500 ETF SPLR 39326002188 US9229084135,157751948,77855220,235607168,79896728,2023-03
12,미국,US25460G2865,DIREXION DAILY TSLA BULL 2X SHARES,154046327,129725550,283771877,24320776,2023-03
13,미국,US0378331005,APPLE INC,146067936,285647516,431715452,-139579580,2023-03
14,미국,US4642886794,ISHARES SHORT TREASURY BOND ETF,131760110,130756171,262516282,1003939,2023-03
15,미국,US02079K3059,ALPHABET INC CL A,130875604,219249846,350125449,-88374242,2023-03
16,미국,US0636798235,BMO MICROSECTORS US BIG BANKS INDEX 3X LEVERAGED ETN,124174486,66669986,190844472,57504500,2023-03
17,미국,US4642874329,ISHARES 20+ YEAR TREASURY BOND ETF,113837343,63951444,177788788,49885899,2023-03
18,미국,US74347Y8396,PROSHARES ULTRA VIX SHORT TERM FUTURES ETF,91351547,79792142,171143689,11559405,2023-03
19,미국,US46138G6492,INVESCO NASDAQ 100 ETF,87950434,81087002,169037436,6863432,2023-03
20,미국,US8085247976,SCHWAB US DIVIDEND EQUITY ETF,85268488,36253971,121522458,49014517,2023-03
21,미국,US46641Q3323,JP MORGAN EQUITY PREMIUM INCOME ETF,85153700,40857485,126011186,44296215,2023-03
22,미국,US76954A1034,RIVIAN AUTOMOTIVE INC,83397130,51736652,135133782,31660478,2023-03
23,미국,US6952631033,PACWEST BANCORP,80221843,64835382,145057225,15386461,2023-03
24,미국,US0079031078,ADVANCED MICRO DEVICES INC,76995526,92348987,169344513,-15353461,2023-03
25,미국,US0636795348,MicroSectors FANG+ Index 3X Leveraged ETN,75839906,88306896,164146803,-12466990,2023-03
26,미국,US25490K3234,DIREXION DAILY SP BIOTECH BULL 3X SHS ETF,75812094,49541702,125353796,26270391,2023-03
27,미국,US46090E1038,INVESCO QQQ TRUST SRS 1 ETF,73928337,70794408,144722746,3133929,2023-03
28,미국,US19260Q1076,COINBASE GLOBAL INC,69159655,71283861,140443515,-2124206,2023-03
29,미국,US0605051046,BANK OF AMERICA CORP,62603117,35328378,97931495,27274738,2023-03
30,미국,US46144X8424,AXS 1.25X NVDA BEAR DAILY ETF,59203361,56568326,115771687,2635034,2023-03
31,미국,US74347Y8131,PROETF ULTRASHORT BLOOMBERG NATURAL GAS,58823634,62844322,121667956,-4020687,2023-03
32,미국,US46144X8671,AXS TSLA BEAR DAILY ETF,57574977,67061853,124636830,-9486877,2023-03
33,미국,US0231351067,AMAZON.COM INC,56037336,75000122,131037459,-18962786,2023-03
34,미국,US25460G1875,DIREXION DAILY CSI CHINA INTERNET IDX BULL 2X SHS ETF SPLR 009233425 US25460E5050,52318840,53456907,105775747,-1138068,2023-03
35,미국,US74347X8645,PROSHARES ULTRAPRO SP 500 ETF,51080604,44331062,95411667,6749542,2023-03
36,미국,US30303M1027,META PLATFORMS INC CL A,50191624,76985063,127176686,-26793439,2023-03
37,미국,US0758961009,BED BATH & BEYOND INC,49058066,37707912,86765979,11350154,2023-03
38,미국,US06367V2043,BMO MICROSECTORS FANG INDEX 3X INVERSE LEVERAGED ETN,48336775,49345834,97682609,-1009058,2023-03
39,미국,US89689F3055,TROIKA MEDIA GROUP INC,47996130,43459577,91455707,4536553,2023-03
40,미국,US22266T1097,COUPANG INC,47786781,45561283,93348064,2225498,2023-03
41,미국,US78462F1030,SPDR SP 500 ETF TRUST,47744356,36410042,84154398,11334314,2023-03
42,미국,US25460G8649,DIREXION DAILY REGIONAL BANKS BULL 3X SHS ETF SPLR 007192847 US25459Y1322,46937770,34764771,81702541,12172999,2023-03
43,미국,US9576381092,WESTERN ALLIANCE BANCORP,43962781,42823235,86786016,1139546,2023-03
44,미국,US91332U1016,UNITY SOFTWARE INC,43955531,28267496,72223027,15688035,2023-03
45,미국,US4581401001,INTEL CORP,41214233,50603004,91817237,-9388771,2023-03
46,미국,US5494981039,LUCID GROUP INC,38744917,33261521,72006438,5483396,2023-03
47,미국,US25460G1958,DIREXION DAILY FTSE CHINA BULL 3X SHARES,37818877,33049952,70868829,4768925,2023-03
48,미국,US7561091049,REALTY INCOME CORP,37132978,11942420,49075398,25190558,2023-03
49,미국,US01609W1027,ALIBABA GROUP HOLDING LTD ADR,35957448,29518253,65475700,6439195,2023-03
50,미국,US46222L1089,IONQ INC,35870500,30765468,66635967,5105032,2023-03
1,미국,US88160R1014,TESLA INC,1034025583,789656130,1823681712,244369453,2023-04
2,미국,US25459W4583,DIREXION DAILY SEMICONDUCTORS BULL 3X SHS ETF,785999011,665798917,1451797928,120200094,2023-04
3,미국,US74347G4322,PROSHARES ULTRAPRO SHORT QQQ ETF,502831320,456500805,959332125,46330515,2023-04
4,미국,US74347X8314,PROSHARES ULTRAPRO QQQ ETF,494929186,602409872,1097339057,-107480686,2023-04
5,미국,US25460G3368,DIREXION DAILY SEMICONDUCTOR BEAR 3X ETF,438897011,472756101,911653112,-33859090,2023-04
6,미국,US25459W5408,DIREXION DAILY 20+ YEAR TREASURY BULL 3X SHS ETF,297700504,186798515,484499019,110901989,2023-04
7,미국,US74347Y8701,PROSHARES ULTRA BLOOMBERG NATURAL GAS ETF SPLR 007184947 US74347Y7067,194734167,190594015,385328182,4140152,2023-04
8,미국,US4642886794,ISHARES SHORT TREASURY BOND ETF,172826491,172980055,345806546,-153564,2023-04
9,미국,US67066G1040,NVIDIA CORP,167030757,358131227,525161983,-191100470,2023-04
10,미국,US5949181045,MICROSOFT CORP,150192844,191450280,341643124,-41257436,2023-04
11,미국,US25460G2865,DIREXION DAILY TSLA BULL 2X SHARES,123548490,89679170,213227660,33869320,2023-04
12,미국,US33616C1009,FIRST REPUBLIC BANK,105131382,114032809,219164191,-8901426,2023-04
13,미국,US4642874329,ISHARES 20+ YEAR TREASURY BOND ETF,97969034,62725730,160694764,35243304,2023-04
14,미국,US0378331005,APPLE INC,96511081,279188795,375699876,-182677714,2023-04
15,미국,US46222L1089,IONQ INC,80203590,89919732,170123322,-9716142,2023-04
16,미국,US0758961009,BED BATH & BEYOND INC,71819082,59159187,130978269,12659894,2023-04
17,미국,US0231351067,AMAZON.COM INC,70491810,94625274,165117084,-24133464,2023-04
18,미국,US02079K3059,ALPHABET INC CL A,70436308,160581235,231017543,-90144927,2023-04
19,미국,US0636798235,BMO MICROSECTORS US BIG BANKS INDEX 3X LEVERAGED ETN,60709735,89007037,149716772,-28297302,2023-04
20,미국,US46641Q3323,JP MORGAN EQUITY PREMIUM INCOME ETF,55056102,39215770,94271872,15840332,2023-04
21,미국,US0636795348,MicroSectors FANG+ Index 3X Leveraged ETN,54630510,58999188,113629698,-4368678,2023-04
22,미국,US74347Y8131,PROETF ULTRASHORT BLOOMBERG NATURAL GAS,53213889,59365654,112579542,-6151765,2023-04
23,미국,US25490K3234,DIREXION DAILY SP BIOTECH BULL 3X SHS ETF,49967156,59147082,109114238,-9179926,2023-04
24,미국,US0079031078,ADVANCED MICRO DEVICES INC,46450280,43010734,89461015,3439546,2023-04
25,미국,US74347Y8396,PROSHARES ULTRA VIX SHORT TERM FUTURES ETF,46327436,49215361,95542797,-2887924,2023-04
26,미국,US19260Q1076,COINBASE GLOBAL INC,42566946,36554554,79121501,6012392,2023-04
27,미국,US76954A1034,RIVIAN AUTOMOTIVE INC,40781771,33727688,74509459,7054083,2023-04
28,미국,US5951121038,MICRON TECHNOLOGY INC,35531385,28958725,64490110,6572659,2023-04
29,미국,US46090E1038,INVESCO QQQ TRUST SRS 1 ETF,34869193,85933285,120802478,-51064092,2023-04
30,미국,US78462F1030,SPDR SP 500 ETF TRUST,33908498,59260405,93168902,-25351907,2023-04
31,미국,US06367V2043,BMO MICROSECTORS FANG INDEX 3X INVERSE LEVERAGED ETN,33599766,29532304,63132070,4067461,2023-04
32,미국,US0605051046,BANK OF AMERICA CORP,32919490,34087711,67007201,-1168221,2023-04
33,미국,US62526P1093,MULLEN AUTOMOTIVE INC,32654153,28932827,61586980,3721326,2023-04
34,미국,US4642872422,ISHARES IBOXX USD INVESTMENT GRADE CORPORATE BOND ETF,32302131,6538741,38840872,25763390,2023-04
35,미국,US72919P2020,PLUG POWER INC,30041205,18882594,48923799,11158612,2023-04
36,미국,US4581401001,INTEL CORP,29088415,38636554,67724969,-9548140,2023-04
37,미국,US4642872265,ISHARES CORE US AGGREGATE BOND ETF,28514523,8196027,36710550,20318496,2023-04
38,미국,IL0011552663,GAMIDA CELL LTD,27911553,17591873,45503426,10319680,2023-04
39,미국,US12468P1049,C3.AI INC,27745933,26181535,53927468,1564398,2023-04
40,미국,US5494981039,LUCID GROUP INC,27476724,23300517,50777242,4176207,2023-04
41,미국,US23248B1098,KINS TECHNOLOGY GROUP INC CXAPP APP INCW/I MRGR 945503670 US49714K1097,25968337,23111890,49080227,2856447,2023-04
42,미국,US01609W1027,ALIBABA GROUP HOLDING LTD ADR,25857970,25691876,51549846,166093,2023-04
43,미국,US8085247976,SCHWAB US DIVIDEND EQUITY ETF,25165014,23501876,48666890,1663139,2023-04
44,미국,US25460G1875,DIREXION DAILY CSI CHINA INTERNET IDX BULL 2X SHS ETF SPLR 009233425 US25460E5050,24613929,19516174,44130103,5097755,2023-04
45,미국,US25460G8649,DIREXION DAILY REGIONAL BANKS BULL 3X SHS ETF SPLR 007192847 US25459Y1322,24479497,21029913,45509410,3449584,2023-04
46,미국,US08975B1098,BIGBEAR.AI HOLDINGS INC,24414255,25359304,49773559,-945050,2023-04
47,미국,US46144X8671,AXS TSLA BEAR DAILY ETF,24259430,24634719,48894149,-375288,2023-04
48,미국,US74113T1051,VENTOUX CCM ACQUISITION COR PRESTO AUTOMATION INC MRGR 009597114 US92280L1017,24050628,24352506,48403134,-301878,2023-04
49,미국,USN070592100,ASML HOLDING NV ADR,23191936,35402950,58594886,-12211013,2023-04
50,미국,US8361001071,SOUNDHOUND AI INC CL A,22670073,26869947,49540020,-4199874,2023-04
1,미국,US88160R1014,TESLA INC,709488194,730718247,1440206440,-21230053,2023-05
2,미국,US25459W4583,DIREXION DAILY SEMICONDUCTORS BULL 3X SHS ETF,631589091,931922113,1563511204,-300333022,2023-05
3,미국,US74347G4322,PROSHARES ULTRAPRO SHORT QQQ ETF,570363918,484307361,1054671279,86056558,2023-05
4,미국,US25460G3368,DIREXION DAILY SEMICONDUCTOR BEAR 3X ETF,564843794,474326872,1039170665,90516922,2023-05
5,미국,US25459W5408,DIREXION DAILY 20+ YEAR TREASURY BULL 3X SHS ETF,437490886,204751273,642242159,232739613,2023-05
6,미국,US74347X8314,PROSHARES ULTRAPRO QQQ ETF,386082406,644376518,1030458924,-258294111,2023-05
7,미국,US67066G1040,NVIDIA CORP,300327778,741550319,1041878098,-441222541,2023-05
8,미국,US5949181045,MICROSOFT CORP,186946287,299898727,486845014,-112952439,2023-05
9,미국,US4642886794,ISHARES SHORT TREASURY BOND ETF,179784160,179238773,359022933,545388,2023-05
10,미국,US0378331005,APPLE INC,164478451,402904345,567382796,-238425895,2023-05
11,미국,US74347Y8701,PROSHARES ULTRA BLOOMBERG NATURAL GAS ETF SPLR 007184947 US74347Y7067,147870042,144585441,292455483,3284600,2023-05
12,미국,US02079K3059,ALPHABET INC CL A,143215766,230414064,373629830,-87198298,2023-05
13,미국,US0231351067,AMAZON.COM INC,136400965,135332876,271733841,1068090,2023-05
14,미국,US46222L1089,IONQ INC,130657411,145276875,275934285,-14619464,2023-05
15,미국,US0079031078,ADVANCED MICRO DEVICES INC,110359314,161742630,272101943,-51383316,2023-05
16,미국,US25460G2865,DIREXION DAILY TSLA BULL 2X SHARES,109910759,119233743,229144502,-9322984,2023-05
17,미국,US4642874329,ISHARES 20+ YEAR TREASURY BOND ETF,109876052,80848498,190724550,29027554,2023-05
18,미국,US6952631033,PACWEST BANCORP,95243880,87926233,183170113,7317647,2023-05
19,미국,KYG989A61029,ZHONG YANG FINANCIAL GROUP LTD,92820089,61508729,154328818,31311360,2023-05
20,미국,US0636798235,BMO MICROSECTORS US BIG BANKS INDEX 3X LEVERAGED ETN,72564316,58555502,131119819,14008814,2023-05
21,미국,US46641Q3323,JP MORGAN EQUITY PREMIUM INCOME ETF,69936738,53144670,123081408,16792068,2023-05
22,미국,US8085247976,SCHWAB US DIVIDEND EQUITY ETF,66653849,18040471,84694320,48613377,2023-05
23,미국,IL0011681371,NANO X IMAGING LTD,61669435,66703247,128372682,-5033811,2023-05
24,미국,US46090E1038,INVESCO QQQ TRUST SRS 1 ETF,58694094,85700614,144394708,-27006521,2023-05
25,미국,US06367V2043,BMO MICROSECTORS FANG INDEX 3X INVERSE LEVERAGED ETN,52896978,39965742,92862720,12931236,2023-05
26,미국,US25460G8649,DIREXION DAILY REGIONAL BANKS BULL 3X SHS ETF SPLR 007192847 US25459Y1322,51329085,43834866,95163951,7494219,2023-05
27,미국,US25490K3234,DIREXION DAILY SP BIOTECH BULL 3X SHS ETF,50555630,61315546,111871176,-10759916,2023-05
28,미국,US46436E3383,ISHARES 20+ YEAR TREASURY BOND BUYWRITE,50015511,10156369,60171880,39859143,2023-05
29,미국,US69608A1088,PALANTIR TECHNOLOGIES INC CL A,49538890,54522266,104061156,-4983375,2023-05
30,미국,US0636795348,MicroSectors FANG+ Index 3X Leveraged ETN,48709786,72058652,120768438,-23348865,2023-05
31,미국,US4581401001,INTEL CORP,44227371,26158236,70385607,18069135,2023-05
32,미국,US33616C1009,FIRST REPUBLIC BANK,43284328,31568953,74853281,11715375,2023-05
33,미국,US78468R6633,SPDR BLOOMBERG 1-3 MONTH T-BILL ETF SPLR 005544852 US78464A6800,42245346,39275814,81521160,2969532,2023-05
34,미국,US74347Y8131,PROETF ULTRASHORT BLOOMBERG NATURAL GAS,42035898,46252560,88288458,-4216661,2023-05
35,미국,US5951121038,MICRON TECHNOLOGY INC,41956802,30582410,72539212,11374392,2023-05
36,미국,US0090661010,AIRBNB INC CL A,38897605,30423513,69321118,8474092,2023-05
37,미국,US2546871060,WALT DISNEY CO,38604690,20780480,59385170,17824210,2023-05
38,미국,US30303M1027,META PLATFORMS INC CL A,38285399,81519157,119804556,-43233758,2023-05
39,미국,US46654Q2030,J.P. MORGAN NASDAQ EQUITY PREMIUM INCOME ETF,38189327,9376511,47565838,28812816,2023-05
40,미국,US46144X8424,AXS 1.25X NVDA BEAR DAILY ETF,37875451,26550167,64425618,11325285,2023-05
41,미국,US91332U1016,UNITY SOFTWARE INC,37448318,35933143,73381461,1515175,2023-05
42,미국,US92891H4083,2X LONG VIX FUTURES ETF 2X LONG VIX FUTURES ETF SPLR 943656878 US92891H3093,36044423,34343200,70387623,1701223,2023-05
43,미국,US7561091049,REALTY INCOME CORP,32585549,14308639,46894188,18276910,2023-05
44,미국,US91680M1071,UPSTART HOLDINGS INC,30663728,24888988,55552716,5774741,2023-05
45,미국,US19200A2042,CODE CHAIN NEW CONTINENT LT CODE CHAIN NEW CONTINENT LTD SPLR 009643858 US19200A1051,30542057,28339913,58881970,2202144,2023-05
46,미국,US25460G7161,DIREXION DAILY SP BIOTECH BEAR 3X SHS ETF,30134194,29587826,59722020,546368,2023-05
47,미국,US19260Q1076,COINBASE GLOBAL INC,29607855,27836268,57444123,1771586,2023-05
48,미국,US76954A1034,RIVIAN AUTOMOTIVE INC,29017016,34872596,63889612,-5855581,2023-05
49,미국,US06367V1052,BMO MICROSECTORS US BIG OIL INDEX 3X LEVERAGED ETN,28855019,14113465,42968485,14741554,2023-05
50,미국,US5324571083,ELI LILLY & CO,28012121,11490893,39503014,16521228,2023-05
1,미국,US88160R1014,TESLA INC,1629983594,2222382464,3852366058,-592398870,2023-06
2,미국,US25459W4583,DIREXION DAILY SEMICONDUCTORS BULL 3X SHS ETF,971576836,1060396904,2031973739,-88820068,2023-06
3,미국,US25460G3368,DIREXION DAILY SEMICONDUCTOR BEAR 3X ETF,646337830,576619410,1222957240,69718419,2023-06
4,미국,US74347G4322,PROSHARES ULTRAPRO SHORT QQQ ETF,548169471,468007178,1016176649,80162293,2023-06
5,미국,US74347X8314,PROSHARES ULTRAPRO QQQ ETF,545144604,715192464,1260337068,-170047860,2023-06
6,미국,US67066G1040,NVIDIA CORP,540070149,785714877,1325785026,-245644728,2023-06
7,미국,US25460G2865,DIREXION DAILY TSLA BULL 2X SHARES,275983111,283216799,559199909,-7233688,2023-06
8,미국,US0378331005,APPLE INC,236828134,291055004,527883138,-54226870,2023-06
9,미국,US25459W5408,DIREXION DAILY 20+ YEAR TREASURY BULL 3X SHS ETF,229951302,226692031,456643333,3259271,2023-06
10,미국,US0079031078,ADVANCED MICRO DEVICES INC,202236735,156785479,359022214,45451257,2023-06
11,미국,US46222L1089,IONQ INC,189636371,163918232,353554603,25718138,2023-06
12,미국,US5949181045,MICROSOFT CORP,186487515,242215602,428703117,-55728087,2023-06
13,미국,US0231351067,AMAZON.COM INC,158105474,165301826,323407300,-7196352,2023-06
14,미국,US74347Y8701,PROSHARES ULTRA BLOOMBERG NATURAL GAS ETF SPLR 007184947 US74347Y7067,137089711,128177604,265267315,8912107,2023-06
15,미국,US02079K3059,ALPHABET INC CL A,127296499,182795130,310091629,-55498632,2023-06
16,미국,US4642886794,ISHARES SHORT TREASURY BOND ETF,115640238,114680498,230320736,959741,2023-06
17,미국,US0636795348,MicroSectors FANG+ Index 3X Leveraged ETN,112718980,115601060,228320040,-2882079,2023-06
18,미국,US91332U1016,UNITY SOFTWARE INC,109099000,107236687,216335687,1862313,2023-06
19,미국,US4581401001,INTEL CORP,108217325,92256642,200473967,15960682,2023-06
20,미국,US5494981039,LUCID GROUP INC,98846913,52038314,150885227,46808600,2023-06
21,미국,US69608A1088,PALANTIR TECHNOLOGIES INC CL A,98625118,100551736,199176854,-1926619,2023-06
22,미국,US46090E1038,INVESCO QQQ TRUST SRS 1 ETF,94199828,150369501,244569329,-56169673,2023-06
23,미국,US78462F1030,SPDR SP 500 ETF TRUST,92069595,112185426,204255022,-20115831,2023-06
24,미국,US46436E3383,ISHARES 20+ YEAR TREASURY BOND BUYWRITE,84931969,30972112,115904081,53959856,2023-06
25,미국,US8085247976,SCHWAB US DIVIDEND EQUITY ETF,74599639,24554344,99153983,50045295,2023-06
26,미국,US19260Q1076,COINBASE GLOBAL INC,74433330,69582994,144016323,4850336,2023-06
27,미국,US30303M1027,META PLATFORMS INC CL A,71927081,88242149,160169230,-16315069,2023-06
28,미국,US46641Q3323,JP MORGAN EQUITY PREMIUM INCOME ETF,70699484,46400539,117100024,24298945,2023-06
29,미국,US6541101050,NIKOLA CORP EXOF 007323093 US92243N2027,70424083,67380687,137804770,3043396,2023-06
30,미국,US4642874329,ISHARES 20+ YEAR TREASURY BOND ETF,66096169,53341652,119437821,12754517,2023-06
31,미국,US5951121038,MICRON TECHNOLOGY INC,65763890,29712070,95475960,36051820,2023-06
32,미국,US7561091049,REALTY INCOME CORP,64512231,18281484,82793715,46230746,2023-06
33,미국,US46144X8424,AXS 1.25X NVDA BEAR DAILY ETF,61886346,62447203,124333549,-560857,2023-06
34,미국,US74347Y8131,PROETF ULTRASHORT BLOOMBERG NATURAL GAS,60876787,54726581,115603368,6150205,2023-06
35,미국,US12468P1049,C3.AI INC,59195763,66182200,125377963,-6986436,2023-06
36,미국,US25490K3234,DIREXION DAILY SP BIOTECH BULL 3X SHS ETF,58409268,46162580,104571848,12246687,2023-06
37,미국,US00724F1012,ADOBE INC,58244769,52369223,110613992,5875545,2023-06
38,미국,US8740391003,TAIWAN SEMICONDUCTOR MANUFACTURING CO LTD ADR,54867980,49793682,104661662,5074298,2023-06
39,미국,US72919P2020,PLUG POWER INC,54792070,43470733,98262802,11321337,2023-06
40,미국,US37954Y4834,GLOBAL X NASDAQ 100 COVERED CALL ETF,51303564,45002198,96305762,6301366,2023-06
41,미국,KYG651631007,JOBY AVIATION INC EXOF 008448244 KYG7483N1117,51257262,44743619,96000882,6513643,2023-06
42,일본,JP3049130002,ISHARES 20+ YEAR US TREASURY BOND JPY HEDGED ETF,51192168,11764489,62956657,39427679,2023-06
43,미국,US46144X8671,AXS TSLA BEAR DAILY ETF,50743640,43089633,93833273,7654008,2023-06
44,미국,US1468691027,CARVANA CO,47735758,52927775,100663532,-5192017,2023-06
45,미국,US0636798235,BMO MICROSECTORS US BIG BANKS INDEX 3X LEVERAGED ETN,46847427,42140630,88988057,4706797,2023-06
46,미국,US2546871060,WALT DISNEY CO,44814239,26194883,71009122,18619356,2023-06
47,미국,US76954A1034,RIVIAN AUTOMOTIVE INC,43679154,39999887,83679040,3679267,2023-06
48,미국,US64110L1061,NETFLIX INC,43341322,40644538,83985859,2696784,2023-06
49,미국,US46654Q2030,J.P. MORGAN NASDAQ EQUITY PREMIUM INCOME ETF,43175598,62972163,106147761,-19796564,2023-06
50,미국,US06367V2043,BMO MICROSECTORS FANG INDEX 3X INVERSE LEVERAGED ETN,42406322,36134510,78540832,6271811,2023-06
1,미국,US88160R1014,TESLA INC,1433568507,1537860258,2971428765,-104291751,2023-07
2,미국,US25459W4583,DIREXION DAILY SEMICONDUCTORS BULL 3X SHS ETF,769553851,819811666,1589365517,-50257815,2023-07
3,미국,US25460G3368,DIREXION DAILY SEMICONDUCTOR BEAR 3X ETF,466335554,451729673,918065228,14605881,2023-07
4,미국,US74347X8314,PROSHARES ULTRAPRO QQQ ETF,435420303,518800376,954220679,-83380073,2023-07
5,미국,US67066G1040,NVIDIA CORP,417445018,414937945,832382963,2507074,2023-07
6,미국,US74347G4322,PROSHARES ULTRAPRO SHORT QQQ ETF,350305773,337149082,687454856,13156691,2023-07
7,미국,US25459W5408,DIREXION DAILY 20+ YEAR TREASURY BULL 3X SHS ETF,315172228,207017822,522190050,108154406,2023-07
8,미국,US76954A1034,RIVIAN AUTOMOTIVE INC,300508063,291391843,591899906,9116220,2023-07
9,미국,US46222L1089,IONQ INC,287469255,263598224,551067479,23871031,2023-07
10,미국,US0378331005,APPLE INC,252517169,226706567,479223736,25810601,2023-07
11,미국,US5949181045,MICROSOFT CORP,252347987,192538415,444886402,59809572,2023-07
12,미국,US25460G2865,DIREXION DAILY TSLA BULL 2X SHARES,244797174,202083436,446880610,42713738,2023-07
13,미국,KYG651631007,JOBY AVIATION INC EXOF 008448244 KYG7483N1117,179207530,148642133,327849664,30565397,2023-07
14,미국,US46436E3383,ISHARES 20+ YEAR TREASURY BOND BUYWRITE,168182980,47058396,215241376,121124584,2023-07
15,미국,US6541101050,NIKOLA CORP EXOF 007323093 US92243N2027,162616320,160313848,322930169,2302472,2023-07
16,미국,US0079031078,ADVANCED MICRO DEVICES INC,152368537,131782672,284151209,20585865,2023-07
17,미국,US78462F1030,SPDR SP 500 ETF TRUST,143265680,141672839,284938519,1592841,2023-07
18,미국,US4642886794,ISHARES SHORT TREASURY BOND ETF,141550351,139506948,281057300,2043403,2023-07
19,미국,US74347Y7638,PROSHARES TRUST II ULTRA BLOOMBERG NTURL (R/S) SPLR 948514771 US74347Y8701,134885042,137599310,272484352,-2714269,2023-07
20,미국,US4642874329,ISHARES 20+ YEAR TREASURY BOND ETF,134562988,102271449,236834437,32291539,2023-07
21,미국,US02079K3059,ALPHABET INC CL A,131079100,165874914,296954015,-34795814,2023-07
22,미국,US30303M1027,META PLATFORMS INC CL A,128828330,129014282,257842612,-185952,2023-07
23,미국,US0636795348,MicroSectors FANG+ Index 3X Leveraged ETN,123153647,116214500,239368148,6939147,2023-07
24,미국,US0231351067,AMAZON.COM INC,117612961,138470528,256083489,-20857566,2023-07
25,일본,JP3049130002,ISHARES 20+ YEAR US TREASURY BOND JPY HEDGED ETF,99571098,10479805,110050903,89091293,2023-07
26,미국,US62526P2083,MULLEN AUTOMOTIVE INC MULLEN AUTOMOTIVE INC SPLR 946994609 US62526P1093,96155319,84430152,180585471,11725167,2023-07
27,미국,US5494981039,LUCID GROUP INC,95153064,101381382,196534446,-6228318,2023-07
28,미국,US91332U1016,UNITY SOFTWARE INC,93091738,78140597,171232335,14951142,2023-07
29,미국,US19260Q1076,COINBASE GLOBAL INC,88336911,106350984,194687894,-18014073,2023-07
30,미국,US1468691027,CARVANA CO,82308374,90257319,172565693,-7948945,2023-07
31,미국,US46090E1038,INVESCO QQQ TRUST SRS 1 ETF,80301433,84319594,164621027,-4018160,2023-07
32,미국,US72919P2020,PLUG POWER INC,67763832,64199672,131963505,3564160,2023-07
33,미국,US74347Y8131,PROETF ULTRASHORT BLOOMBERG NATURAL GAS,64515744,68104640,132620384,-3588896,2023-07
34,미국,US69608A1088,PALANTIR TECHNOLOGIES INC CL A,56032407,62224151,118256558,-6191744,2023-07
35,미국,US64110L1061,NETFLIX INC,53684648,45903837,99588485,7780811,2023-07
36,미국,US25490K3234,DIREXION DAILY SP BIOTECH BULL 3X SHS ETF,53310397,40996370,94306767,12314028,2023-07
37,미국,US13803R1023,CANOO INC EXOF 007801300 US42589C2035,52843311,43490379,96333690,9352931,2023-07
38,미국,US8085247976,SCHWAB US DIVIDEND EQUITY ETF,52092894,31712588,83805482,20380306,2023-07
39,미국,US4642872000,ISHARES CORE SP 500 ETF,48467459,8276818,56744276,40190641,2023-07
40,미국,KYG4000K1004,GORILLA TECHNOLOGY GROUP INC,46384810,36076691,82461501,10308119,2023-07
41,미국,US0636798235,BMO MICROSECTORS US BIG BANKS INDEX 3X LEVERAGED ETN,45809288,67543441,113352729,-21734153,2023-07
42,미국,US46641Q3323,JP MORGAN EQUITY PREMIUM INCOME ETF,41643715,80533516,122177231,-38889801,2023-07
43,미국,US4581401001,INTEL CORP,40626885,45355704,85982588,-4728819,2023-07
44,미국,US78468R6633,SPDR BLOOMBERG 1-3 MONTH T-BILL ETF SPLR 005544852 US78464A6800,40041472,61113114,101154586,-21071642,2023-07
45,미국,USN070592100,ASML HOLDING NV ADR,39748018,42473167,82221185,-2725149,2023-07
46,미국,US06367V2043,BMO MICROSECTORS FANG INDEX 3X INVERSE LEVERAGED ETN,39477536,40064436,79541972,-586899,2023-07
47,미국,US5951121038,MICRON TECHNOLOGY INC,39227937,65727880,104955816,-26499943,2023-07
48,미국,US2546871060,WALT DISNEY CO,38137949,27320129,65458078,10817820,2023-07
49,미국,US46654Q2030,J.P. MORGAN NASDAQ EQUITY PREMIUM INCOME ETF,36951476,30604304,67555780,6347172,2023-07
50,미국,US6745991058,OCCIDENTAL PETROLEUM CORP,36133390,35582494,71715884,550896,2023-07
1,미국,US25459W4583,DIREXION DAILY SEMICONDUCTORS BULL 3X SHS ETF,1462472515,1346636746,2809109261,115835770,2023-08
2,미국,US88160R1014,TESLA INC,1149548965,1167272891,2316821856,-17723925,2023-08
3,미국,US67066G1040,NVIDIA CORP,972554327,800707013,1773261340,171847313,2023-08
4,미국,US25460G3368,DIREXION DAILY SEMICONDUCTOR BEAR 3X ETF,787429913,856822391,1644252304,-69392479,2023-08
5,미국,US74347X8314,PROSHARES ULTRAPRO QQQ ETF,642197599,663879822,1306077421,-21682223,2023-08
6,미국,US74347G4322,PROSHARES ULTRAPRO SHORT QQQ ETF,636593367,672521115,1309114482,-35927747,2023-08
7,미국,US25459W5408,DIREXION DAILY 20+ YEAR TREASURY BULL 3X SHS ETF,529196715,338031442,867228157,191165273,2023-08
8,미국,US46222L1089,IONQ INC,456747967,368967644,825715611,87780322,2023-08
9,미국,US0378331005,APPLE INC,365240076,304724978,669965053,60515098,2023-08
10,미국,US25460G2865,DIREXION DAILY TSLA BULL 2X SHARES,223226222,165139150,388365371,58087072,2023-08
11,미국,US6541101050,NIKOLA CORP EXOF 007323093 US92243N2027,211009207,165398442,376407649,45610765,2023-08
12,미국,US4642886794,ISHARES SHORT TREASURY BOND ETF,175491524,166195688,341687212,9295837,2023-08
13,미국,US0079031078,ADVANCED MICRO DEVICES INC,163980200,185605781,349585981,-21625581,2023-08
14,미국,US46436E3383,ISHARES 20+ YEAR TREASURY BOND BUYWRITE,149610735,131262926,280873662,18347809,2023-08
15,미국,US0636795348,MicroSectors FANG+ Index 3X Leveraged ETN,149224212,145611059,294835271,3613153,2023-08
16,미국,US5949181045,MICROSOFT CORP,147938055,223736898,371674953,-75798843,2023-08
17,미국,US4642874329,ISHARES 20+ YEAR TREASURY BOND ETF,137780899,76629908,214410807,61150992,2023-08
18,미국,US0231351067,AMAZON.COM INC,134738328,206817230,341555557,-72078902,2023-08
19,미국,US78462F1030,SPDR SP 500 ETF TRUST,130683091,137693258,268376349,-7010168,2023-08
20,미국,US76954A1034,RIVIAN AUTOMOTIVE INC,123210904,117960820,241171725,5250084,2023-08
21,미국,US69608A1088,PALANTIR TECHNOLOGIES INC CL A,112904766,102909776,215814541,9994990,2023-08
22,미국,US74347Y7638,PROSHARES TRUST II ULTRA BLOOMBERG NTURL (R/S) SPLR 948514771 US74347Y8701,111829907,141977431,253807338,-30147524,2023-08
23,일본,JP3049130002,ISHARES 20+ YEAR US TREASURY BOND JPY HEDGED ETF,90572830,12882579,103455409,77690251,2023-08
24,미국,US91332U1016,UNITY SOFTWARE INC,88371302,72588430,160959732,15782872,2023-08
25,미국,US02079K3059,ALPHABET INC CL A,86893122,195368119,282261241,-108474998,2023-08
26,미국,US74347Y8131,PROETF ULTRASHORT BLOOMBERG NATURAL GAS,85916876,84505169,170422044,1411707,2023-08
27,미국,US7561091049,REALTY INCOME CORP,83915770,27277425,111193195,56638345,2023-08
28,미국,US46090E1038,INVESCO QQQ TRUST SRS 1 ETF,82533386,109598459,192131845,-27065073,2023-08
29,미국,US88634T7090,TD YL TSL IN ETF,79935925,27848474,107784399,52087452,2023-08
30,미국,US0301112076,AMERICAN SUPERCONDUCTOR CORP SPLR 39502602997 US0301111086,79313547,60615600,139929147,18697947,2023-08
31,미국,US72919P2020,PLUG POWER INC,73357868,50520548,123878416,22837319,2023-08
32,미국,US25490K3234,DIREXION DAILY SP BIOTECH BULL 3X SHS ETF,72802271,51557813,124360084,21244458,2023-08
33,미국,US8085247976,SCHWAB US DIVIDEND EQUITY ETF,67336666,36676967,104013633,30659698,2023-08
34,미국,US25460E5217,DIREXION DAILY FTSE CHINA BEAR 3X SHS ETF SPLR 005718961 US25490K8365,66156331,67132647,133288978,-976317,2023-08
35,미국,US30303M1027,META PLATFORMS INC CL A,62064183,127076476,189140659,-65012294,2023-08
36,홍콩,KYG989A41070,ZHIXIN GROUP HOLDING LTD,61329900,20306368,81636268,41023531,2023-08
37,미국,US25460G1958,DIREXION DAILY FTSE CHINA BULL 3X SHARES,58573374,52686170,111259544,5887205,2023-08
38,미국,US89853L2034,T2 Biosystems,55166684,54303174,109469858,863510,2023-08
39,미국,US5494981039,LUCID GROUP INC,52978595,45933607,98912202,7044988,2023-08
40,미국,US38747R8271,GRANITESHARES 2.0X LONG NVDA DAILY ETF,51288294,40060550,91348844,11227743,2023-08
41,미국,US4581401001,INTEL CORP,51245018,61473354,112718371,-10228336,2023-08
42,미국,US78468R6633,SPDR BLOOMBERG 1-3 MONTH T-BILL ETF SPLR 005544852 US78464A6800,50586217,32878746,83464963,17707470,2023-08
43,미국,US91680M1071,UPSTART HOLDINGS INC,50143756,50925119,101068875,-781363,2023-08
44,미국,KYG651631007,JOBY AVIATION INC EXOF 008448244 KYG7483N1117,46357911,36623297,82981208,9734615,2023-08
45,미국,US92891H4083,2X LONG VIX FUTURES ETF 2X LONG VIX FUTURES ETF SPLR 943656878 US92891H3093,45045489,45220608,90266097,-175119,2023-08
46,미국,US06367V2043,BMO MICROSECTORS FANG INDEX 3X INVERSE LEVERAGED ETN,44428129,47522972,91951101,-3094843,2023-08
47,미국,US74347Y7711,PROSHARES TRUST II ULTRA VIX SHORT TERM FUTURES NW2023 SPLR 948539176 US74347Y8396,43037603,44647925,87685527,-1610322,2023-08
48,미국,US7710491033,ROBLOX CORP CL A,42604992,28777947,71382939,13827045,2023-08
49,미국,US5324571083,ELI LILLY & CO,40887104,24338357,65225460,16548747,2023-08
50,홍콩,HK0000123577,CHINAAMC CSI 300 INDEX ETF HKD,40528149,33320561,73848709,7207588,2023-08
1,미국,US25459W4583,DIREXION DAILY SEMICONDUCTORS BULL 3X SHS ETF,984849187,839724661,1824573848,145124526,2023-09
2,미국,US88160R1014,TESLA INC,921704702,1106269339,2027974041,-184564638,2023-09
3,미국,US67066G1040,NVIDIA CORP,628692939,509243226,1137936165,119449713,2023-09
4,미국,US25460G3368,DIREXION DAILY SEMICONDUCTOR BEAR 3X ETF,481383552,509630908,991014460,-28247355,2023-09
5,미국,US74347X8314,PROSHARES ULTRAPRO QQQ ETF,432389009,427672906,860061915,4716102,2023-09
6,미국,US74347G4322,PROSHARES ULTRAPRO SHORT QQQ ETF,369608800,373544182,743152982,-3935381,2023-09
7,미국,US0378331005,APPLE INC,367248949,263395976,630644925,103852973,2023-09
8,미국,US46222L1089,IONQ INC,359395282,281524666,640919947,77870616,2023-09
9,미국,US25459W5408,DIREXION DAILY 20+ YEAR TREASURY BULL 3X SHS ETF,216707476,137890050,354597526,78817426,2023-09
10,미국,US4642886794,ISHARES SHORT TREASURY BOND ETF,214328887,202766037,417094923,11562850,2023-09
11,미국,US78462F1030,SPDR SP 500 ETF TRUST,185255113,194703709,379958822,-9448596,2023-09
12,미국,US0420682058,ARM HOLDINGS PLC SPON ADS EACH REP 1 ORD SHS,183149059,140898780,324047838,42250279,2023-09
13,미국,US25460G2865,DIREXION DAILY TSLA BULL 2X SHARES,168047325,189232693,357280018,-21185368,2023-09
14,미국,US6541101050,NIKOLA CORP EXOF 007323093 US92243N2027,135639235,110311521,245950757,25327714,2023-09
15,미국,US74347Y7638,PROSHARES TRUST II ULTRA BLOOMBERG NTURL (R/S) SPLR 948514771 US74347Y8701,133682998,120963917,254646915,12719081,2023-09
16,미국,US5949181045,MICROSOFT CORP,92764969,118465709,211230678,-25700741,2023-09
17,미국,US0636795348,MicroSectors FANG+ Index 3X Leveraged ETN,91007414,96724681,187732096,-5717267,2023-09
18,일본,JP3049130002,ISHARES 20+ YEAR US TREASURY BOND JPY HEDGED ETF,82220563,12674803,94895366,69545759,2023-09
19,미국,US88634T7090,TD YL TSL IN ETF,81574811,38211027,119785838,43363784,2023-09
20,미국,US7561091049,REALTY INCOME CORP,80970705,28976864,109947569,51993841,2023-09
21,미국,US4642874329,ISHARES 20+ YEAR TREASURY BOND ETF,76772572,64354530,141127102,12418041,2023-09
22,미국,US78468R6633,SPDR BLOOMBERG 1-3 MONTH T-BILL ETF SPLR 005544852 US78464A6800,76435558,70373917,146809476,6061641,2023-09
23,미국,US0231351067,AMAZON.COM INC,76008404,97229949,173238353,-21221545,2023-09
24,미국,US8085247976,SCHWAB US DIVIDEND EQUITY ETF,73661417,29550541,103211957,44110876,2023-09
25,미국,US46138G6492,INVESCO NASDAQ 100 ETF,71795553,11578652,83374205,60216901,2023-09
26,미국,US02079K3059,ALPHABET INC CL A,69844688,125303781,195148470,-55459093,2023-09
27,미국,US4642874576,ISHARES 1-3 YEAR TREASURY BOND ETF,68019658,55931894,123951552,12087763,2023-09
28,미국,US0079031078,ADVANCED MICRO DEVICES INC,64347538,61933553,126281091,2413985,2023-09
29,미국,US46090E1038,INVESCO QQQ TRUST SRS 1 ETF,61826851,95450430,157277281,-33623580,2023-09
30,미국,US9229083632,VANGUARD SP 500 ETF SPLR 39326002188 US9229084135,59428764,35464481,94893246,23964283,2023-09
31,미국,US74347Y7711,PROSHARES TRUST II ULTRA VIX SHORT TERM FUTURES NW2023 SPLR 948539176 US74347Y8396,53735619,52688907,106424526,1046712,2023-09
32,미국,US69608A1088,PALANTIR TECHNOLOGIES INC CL A,52831003,51214809,104045812,1616195,2023-09
33,미국,US74347Y8131,PROETF ULTRASHORT BLOOMBERG NATURAL GAS,50554846,57641122,108195968,-7086276,2023-09
34,미국,US5324571083,ELI LILLY & CO,50173841,21755385,71929226,28418457,2023-09
35,미국,US25490K3234,DIREXION DAILY SP BIOTECH BULL 3X SHS ETF,46380585,30932211,77312796,15448374,2023-09
36,미국,SGXZ55111462,VINFAST AUTO LTD VINFAST AUTO LTD MRGR 950581740 KYG115371000,42068400,35010025,77078425,7058374,2023-09
37,미국,US46436E3383,ISHARES 20+ YEAR TREASURY BOND BUYWRITE,41009233,34646748,75655981,6362485,2023-09
38,미국,KYG451391059,HITEK GLOBAL INC,36224992,14313997,50538990,21910995,2023-09
39,미국,US89853L2034,T2 Biosystems,36147151,33112892,69260044,3034259,2023-09
40,미국,US4581401001,INTEL CORP,36024675,47191355,83216031,-11166680,2023-09
41,미국,US76954A1034,RIVIAN AUTOMOTIVE INC,35577542,45361670,80939212,-9784128,2023-09
42,미국,US46144X8671,AXS TSLA BEAR DAILY ETF,34214676,33085758,67300434,1128919,2023-09
43,미국,US92891H4083,2X LONG VIX FUTURES ETF 2X LONG VIX FUTURES ETF SPLR 943656878 US92891H3093,32198346,32268059,64466405,-69713,2023-09
44,미국,US4509581033,ICORECONNECT INC,32125100,30269268,62394368,1855832,2023-09
45,미국,US1912161007,THE COCA COLA COMPANY,31614902,10715076,42329978,20899826,2023-09
46,미국,US30303M1027,META PLATFORMS INC CL A,31448466,46863867,78312334,-15415401,2023-09
47,미국,US00165C3025,AMC ENTERTAINMENT HOLDINGS INC,30865137,24167811,55032948,6697326,2023-09
48,미국,US25460G1958,DIREXION DAILY FTSE CHINA BULL 3X SHARES,30804892,31358574,62163466,-553682,2023-09
49,미국,US06367V2043,BMO MICROSECTORS FANG INDEX 3X INVERSE LEVERAGED ETN,30730571,28760560,59491131,1970011,2023-09
50,미국,US91332U1016,UNITY SOFTWARE INC,29289682,32664725,61954408,-3375043,2023-09
1,미국,US25459W4583,DIREXION DAILY SEMICONDUCTORS BULL 3X SHS ETF,1145370804,1055407811,2200778615,89962992,2023-10
2,미국,US88160R1014,TESLA INC,1116437225,925409301,2041846525,191027924,2023-10
3,미국,US74347X8314,PROSHARES ULTRAPRO QQQ ETF,619721952,559906916,1179628868,59815035,2023-10
4,미국,US25460G3368,DIREXION DAILY SEMICONDUCTOR BEAR 3X ETF,602703894,649373145,1252077039,-46669251,2023-10
5,미국,US74347G4322,PROSHARES ULTRAPRO SHORT QQQ ETF,517088083,609077171,1126165254,-91989089,2023-10
6,미국,US67066G1040,NVIDIA CORP,433359098,444601194,877960292,-11242096,2023-10
7,미국,US25459W5408,DIREXION DAILY 20+ YEAR TREASURY BULL 3X SHS ETF,350963457,227670088,578633545,123293368,2023-10
8,미국,US46222L1089,IONQ INC,261968962,228237328,490206291,33731634,2023-10
9,미국,US4642886794,ISHARES SHORT TREASURY BOND ETF,254577847,244774299,499352145,9803548,2023-10
10,미국,US78462F1030,SPDR SP 500 ETF TRUST,246383894,278057001,524440895,-31673107,2023-10
11,미국,US25460G2865,DIREXION DAILY TSLA BULL 2X SHARES,207023908,157535170,364559078,49488738,2023-10
12,미국,US4642874576,ISHARES 1-3 YEAR TREASURY BOND ETF,163320831,171016680,334337511,-7695849,2023-10
13,미국,US78468R6633,SPDR BLOOMBERG 1-3 MONTH T-BILL ETF SPLR 005544852 US78464A6800,160977232,148485197,309462429,12492035,2023-10
14,미국,US0378331005,APPLE INC,153563679,248075324,401639003,-94511645,2023-10
15,미국,US4642874329,ISHARES 20+ YEAR TREASURY BOND ETF,113718674,63847606,177566280,49871068,2023-10
16,미국,US74347Y8131,PROETF ULTRASHORT BLOOMBERG NATURAL GAS,113102033,99735885,212837919,13366148,2023-10
17,미국,US5949181045,MICROSOFT CORP,112432456,178986044,291418500,-66553587,2023-10
18,미국,US46090E1038,INVESCO QQQ TRUST SRS 1 ETF,110464432,135695030,246159462,-25230597,2023-10
19,미국,US0636795348,MicroSectors FANG+ Index 3X Leveraged ETN,100483781,93989948,194473729,6493834,2023-10
20,미국,US02079K3059,ALPHABET INC CL A,93926796,132236793,226163589,-38309998,2023-10
21,미국,US74347Y7638,PROSHARES TRUST II ULTRA BLOOMBERG NTURL (R/S) SPLR 948514771 US74347Y8701,91139454,116634929,207774383,-25495475,2023-10
22,미국,US0231351067,AMAZON.COM INC,80856560,78266668,159123228,2589891,2023-10
23,미국,US6541101050,NIKOLA CORP EXOF 007323093 US92243N2027,80595757,61992234,142587991,18603522,2023-10
24,미국,US88634T7090,TD YL TSL IN ETF,74268336,46653845,120922181,27614492,2023-10
25,미국,US25490K3234,DIREXION DAILY SP BIOTECH BULL 3X SHS ETF,64110586,47233047,111343633,16877539,2023-10
26,미국,US7561091049,REALTY INCOME CORP,63323918,25185819,88509737,38138099,2023-10
27,일본,JP3049130002,ISHARES 20+ YEAR US TREASURY BOND JPY HEDGED ETF,63201820,17165380,80367200,46036440,2023-10
28,미국,US76954A1034,RIVIAN AUTOMOTIVE INC,62272708,53826477,116099185,8446231,2023-10
29,미국,US30303M1027,META PLATFORMS INC CL A,61831720,86111997,147943717,-24280276,2023-10
30,미국,US8085247976,SCHWAB US DIVIDEND EQUITY ETF,60763877,40718633,101482510,20045244,2023-10
31,미국,US69608A1088,PALANTIR TECHNOLOGIES INC CL A,55145475,67585201,122730677,-12439726,2023-10
32,미국,US1912161007,THE COCA COLA COMPANY,54322513,23210693,77533207,31111820,2023-10
33,미국,US87978U1088,TEMPEST THERAPEUTICS INC,51735455,51666469,103401924,68986,2023-10
34,미국,US5324571083,ELI LILLY & CO,48097486,29593647,77691133,18503838,2023-10
35,미국,US0079031078,ADVANCED MICRO DEVICES INC,45284135,59830090,105114225,-14545954,2023-10
36,미국,US9229083632,VANGUARD SP 500 ETF SPLR 39326002188 US9229084135,44763959,46788095,91552054,-2024135,2023-10
37,미국,US0636798235,BMO MICROSECTORS US BIG BANKS INDEX 3X LEVERAGED ETN,44602880,36305708,80908588,8297172,2023-10
38,미국,US46436E3383,ISHARES 20+ YEAR TREASURY BOND BUYWRITE,43379180,40782916,84162096,2596264,2023-10
39,미국,US06367V2043,BMO MICROSECTORS FANG INDEX 3X INVERSE LEVERAGED ETN,39718539,45208770,84927309,-5490231,2023-10
40,미국,US6701002056,NOVO NORDISK A/S ADR,34718215,27846958,62565173,6871258,2023-10
41,미국,US72919P2020,PLUG POWER INC,33065734,26442466,59508199,6623268,2023-10
42,미국,US46144X8671,AXS TSLA BEAR DAILY ETF,32991005,35538030,68529035,-2547026,2023-10
43,미국,US31447E1055,FEMASYS INC,31844470,33150943,64995412,-1306473,2023-10
44,미국,US06367V1052,BMO MICROSECTORS US BIG OIL INDEX 3X LEVERAGED ETN,30875155,27035569,57910724,3839586,2023-10
45,미국,US74347Y7711,PROSHARES TRUST II ULTRA VIX SHORT TERM FUTURES NW2023 SPLR 948539176 US74347Y8396,30177112,31061127,61238239,-884015,2023-10
46,미국,US92891H5072,VS TRUST 2X LONG VIX FUTURES ETF 2023(P/S) SPLR 951898282 US92891H4083,30064587,30115494,60180081,-50907,2023-10
47,미국,US25460G1958,DIREXION DAILY FTSE CHINA BULL 3X SHARES,29889051,26653452,56542503,3235598,2023-10
48,미국,US46432F3394,ISHARES MSCI USA QUALITY FACTOR ETF,28674094,15100767,43774861,13573327,2023-10
49,미국,US46436E7186,ISHARES 0-3 MONTH TREASURY BOND ETF,28226668,18378157,46604825,9848511,2023-10
50,미국,US25460G8490,DIREXION DAILY 20+ YEAR TREASURY BEAR 3X SHS ETF SPLR 007192853 US25459Y6784,27849871,27753707,55603578,96164,2023-10
1,미국,US88160R1014,TESLA INC,1036109955,989655683,2025765638,46454273,2023-11
2,미국,US25459W4583,DIREXION DAILY SEMICONDUCTORS BULL 3X SHS ETF,774634333,1090237833,1864872166,-315603500,2023-11
3,미국,US25460G3368,DIREXION DAILY SEMICONDUCTOR BEAR 3X ETF,609156260,480964756,1090121016,128191504,2023-11
4,미국,US67066G1040,NVIDIA CORP,484704433,647901194,1132605626,-163196761,2023-11
5,미국,US74347G4322,PROSHARES ULTRAPRO SHORT QQQ ETF,454043537,372887644,826931181,81155893,2023-11
6,미국,US74347X8314,PROSHARES ULTRAPRO QQQ ETF,364571982,629766837,994338820,-265194855,2023-11
7,미국,US5949181045,MICROSOFT CORP,312726176,228874120,541600297,83852056,2023-11
8,미국,US25459W5408,DIREXION DAILY 20+ YEAR TREASURY BULL 3X SHS ETF,278618030,240628297,519246328,37989733,2023-11
9,미국,US74347Y7638,PROSHARES TRUST II ULTRA BLOOMBERG NTURL (R/S) SPLR 948514771 US74347Y8701,183498037,118940643,302438680,64557394,2023-11
10,미국,US46222L1089,IONQ INC,172490863,135699127,308189990,36791735,2023-11
11,미국,US25460G2865,DIREXION DAILY TSLA BULL 2X SHARES,161682748,147797867,309480615,13884881,2023-11
12,미국,US0378331005,APPLE INC,159643639,262771138,422414777,-103127499,2023-11
13,미국,US4642874329,ISHARES 20+ YEAR TREASURY BOND ETF,122771839,62054148,184825986,60717691,2023-11
14,미국,US78462F1030,SPDR SP 500 ETF TRUST,119128746,123661641,242790387,-4532895,2023-11
15,미국,US69608A1088,PALANTIR TECHNOLOGIES INC CL A,94552383,92601682,187154065,1950702,2023-11
16,미국,US02079K3059,ALPHABET INC CL A,91626461,99247244,190873706,-7620783,2023-11
17,미국,US0231351067,AMAZON.COM INC,87775570,138191967,225967537,-50416397,2023-11
18,일본,JP3049130002,ISHARES 20+ YEAR US TREASURY BOND JPY HEDGED ETF,87459555,28170607,115630162,59288948,2023-11
19,미국,US4642886794,ISHARES SHORT TREASURY BOND ETF,84928792,87352090,172280883,-2423298,2023-11
20,미국,US8085247976,SCHWAB US DIVIDEND EQUITY ETF,81354963,36629630,117984593,44725332,2023-11
21,미국,US5324571083,ELI LILLY & CO,77018989,48361797,125380786,28657193,2023-11
22,미국,US46090E1038,INVESCO QQQ TRUST SRS 1 ETF,76431718,103370402,179802120,-26938684,2023-11
23,홍콩,HK0000123577,CHINAAMC CSI 300 INDEX ETF HKD,72881758,72691623,145573381,190134,2023-11
24,미국,US74347Y8131,PROETF ULTRASHORT BLOOMBERG NATURAL GAS,70712620,86194284,156906904,-15481664,2023-11
25,미국,US7561091049,REALTY INCOME CORP,65246405,27019019,92265424,38227386,2023-11
26,미국,US0636795348,MicroSectors FANG+ Index 3X Leveraged ETN,59647865,103172598,162820463,-43524733,2023-11
27,미국,US72919P2020,PLUG POWER INC,57449423,41280524,98729947,16168899,2023-11
28,미국,US78468R6633,SPDR BLOOMBERG 1-3 MONTH T-BILL ETF SPLR 005544852 US78464A6800,56855979,45578166,102434145,11277813,2023-11
29,미국,US0079031078,ADVANCED MICRO DEVICES INC,55892243,103014106,158906349,-47121864,2023-11
30,미국,US25490K3234,DIREXION DAILY SP BIOTECH BULL 3X SHS ETF,54952207,58256805,113209011,-3304598,2023-11
31,미국,US19260Q1076,COINBASE GLOBAL INC,50337309,41638466,91975775,8698843,2023-11
32,미국,US91332U1016,UNITY SOFTWARE INC,45897109,34816063,80713172,11081046,2023-11
33,미국,US88634T7090,TD YL TSL IN ETF,45243605,29070637,74314241,16172968,2023-11
34,미국,US25460G1958,DIREXION DAILY FTSE CHINA BULL 3X SHARES,44320897,41487662,85808559,2833235,2023-11
35,미국,US46436E3383,ISHARES 20+ YEAR TREASURY BOND BUYWRITE,43389658,32974227,76363884,10415431,2023-11
36,미국,US92891H5072,VS TRUST 2X LONG VIX FUTURES ETF 2023(P/S) SPLR 951898282 US92891H4083,40560293,33732037,74292330,6828256,2023-11
37,미국,US76954A1034,RIVIAN AUTOMOTIVE INC,39786896,31935060,71721955,7851836,2023-11
38,미국,US4642874576,ISHARES 1-3 YEAR TREASURY BOND ETF,37601112,37789269,75390382,-188157,2023-11
39,미국,US22266T1097,COUPANG INC,37262374,21621861,58884234,15640513,2023-11
40,미국,US30303M1027,META PLATFORMS INC CL A,35038337,62093037,97131374,-27054700,2023-11
41,미국,US6541101050,NIKOLA CORP EXOF 007323093 US92243N2027,34587304,28059209,62646513,6528095,2023-11
42,미국,US06367V2043,BMO MICROSECTORS FANG INDEX 3X INVERSE LEVERAGED ETN,33262896,26396077,59658972,6866819,2023-11
43,미국,CH0334081137,CRISPR THERAPEUTICS AG,30823002,20889261,51712263,9933741,2023-11
44,미국,US4581401001,INTEL CORP,30072503,59827167,89899670,-29754664,2023-11
45,미국,US9229083632,VANGUARD SP 500 ETF SPLR 39326002188 US9229084135,28946607,58362769,87309376,-29416163,2023-11
46,미국,KYG651631007,JOBY AVIATION INC EXOF 008448244 KYG7483N1117,28674391,16103453,44777844,12570938,2023-11
47,미국,US88636J8403,DEFIANCE NSQ ETF,27708405,21213712,48922116,6494693,2023-11
48,미국,US46641Q3323,JP MORGAN EQUITY PREMIUM INCOME ETF,26757744,20379398,47137142,6378347,2023-11
49,미국,US26923N8359,T-REX 2X LONG TESLA DAILY TARGET ETF,26710663,14786300,41496964,11924363,2023-11
50,미국,US01609W1027,ALIBABA GROUP HOLDING LTD ADR,25815120,16620883,42436002,9194237,2023-11
1,미국,US25459W4583,DIREXION DAILY SEMICONDUCTORS BULL 3X SHS ETF,1064994615,1398281685,2463276301,-333287070,2023-12
2,미국,US88160R1014,TESLA INC,873529210,1280359103,2153888313,-406829893,2023-12
3,미국,US25460G3368,DIREXION DAILY SEMICONDUCTOR BEAR 3X ETF,691667498,630816146,1322483644,60851352,2023-12
4,미국,US25460G1388,DIREXION DAILY 20 YEAR PLUS DRX DLY 20+ YR TREAS BULL 3X SPLR 953438320 US25459W5408,451288967,434017561,885306528,17271405,2023-12
5,미국,US67066G1040,NVIDIA CORP,428049761,542431046,970480807,-114381284,2023-12
6,미국,US74347X8314,PROSHARES ULTRAPRO QQQ ETF,418468768,649128077,1067596846,-230659309,2023-12
7,미국,US74347G4322,PROSHARES ULTRAPRO SHORT QQQ ETF,327482050,308424820,635906870,19057230,2023-12
8,미국,US5949181045,MICROSOFT CORP,234369684,239080786,473450470,-4711102,2023-12
9,미국,US74347Y7638,PROSHARES TRUST II ULTRA BLOOMBERG NTURL (R/S) SPLR 948514771 US74347Y8701,172888423,164499259,337387681,8389164,2023-12
10,미국,US46222L1089,IONQ INC,165489813,200326828,365816641,-34837015,2023-12
11,미국,US25460G2865,DIREXION DAILY TSLA BULL 2X SHARES,161127129,171626006,332753135,-10498877,2023-12
12,미국,US0378331005,APPLE INC,156899459,557779785,714679244,-400880326,2023-12
13,미국,US02079K3059,ALPHABET INC CL A,153624212,174190274,327814486,-20566062,2023-12
14,미국,US4642874329,ISHARES 20+ YEAR TREASURY BOND ETF,153482382,140416405,293898787,13065977,2023-12
15,미국,US0079031078,ADVANCED MICRO DEVICES INC,135005646,151867509,286873155,-16861864,2023-12
16,미국,US19260Q1076,COINBASE GLOBAL INC,131312759,125536675,256849434,5776083,2023-12
17,일본,JP3049130002,ISHARES 20+ YEAR US TREASURY BOND JPY HEDGED ETF,118223640,78323652,196547292,39899989,2023-12
18,미국,US25460G1958,DIREXION DAILY FTSE CHINA BULL 3X SHARES,105048295,63769190,168817485,41279105,2023-12
19,미국,US46090E1038,INVESCO QQQ TRUST SRS 1 ETF,104656231,129987783,234644013,-25331552,2023-12
20,미국,US7170811035,PFIZER INC,103071738,41582485,144654223,61489254,2023-12
21,미국,US69608A1088,PALANTIR TECHNOLOGIES INC CL A,97083858,90943419,188027277,6140440,2023-12
22,미국,US5606671072,MAISON SOLUTIONS INC,96027118,58695532,154722649,37331586,2023-12
23,미국,US74347Y8131,PROETF ULTRASHORT BLOOMBERG NATURAL GAS,92310125,92245527,184555652,64598,2023-12
24,미국,US8085247976,SCHWAB US DIVIDEND EQUITY ETF,90789895,49660471,140450366,41129424,2023-12
25,미국,US0231351067,AMAZON.COM INC,86059276,149685821,235745097,-63626545,2023-12
26,미국,US46436E3383,ISHARES 20+ YEAR TREASURY BOND BUYWRITE,79097989,63285266,142383254,15812723,2023-12
27,미국,US4581401001,INTEL CORP,75970665,63670939,139641604,12299725,2023-12
28,미국,US5657881067,MARATHON DIGITAL HOLDINGS INC,73652275,76801579,150453854,-3149303,2023-12
29,미국,US9229083632,VANGUARD SP 500 ETF SPLR 39326002188 US9229084135,62671182,73744525,136415707,-11073343,2023-12
30,미국,US26923N8359,T-REX 2X LONG TESLA DAILY TARGET ETF,62444425,45906338,108350764,16538087,2023-12
31,미국,US0636795348,MicroSectors FANG+ Index 3X Leveraged ETN,60719379,95932498,156651876,-35213119,2023-12
32,미국,US25460G1206,DIREXION DAILY S P BIOTECH DRX DLY S P BIOTECH BULL 3X SPLR 953438701 US25490K3234,59659735,98748514,158408249,-39088779,2023-12
33,미국,US78462F1030,SPDR SP 500 ETF TRUST,58119878,63101151,121221029,-4981272,2023-12
34,미국,US6541101050,NIKOLA CORP EXOF 007323093 US92243N2027,56909288,43517461,100426749,13391827,2023-12
35,미국,US4642886794,ISHARES SHORT TREASURY BOND ETF,56419313,62553166,118972479,-6133853,2023-12
36,미국,US25459W8477,DIREXION DAILY SMALL CAP BULL 3X SHS ETF,54738970,40850140,95589110,13888830,2023-12
37,미국,US91680M1071,UPSTART HOLDINGS INC,53146643,51228966,104375609,1917677,2023-12
38,미국,US7561091049,REALTY INCOME CORP,52588159,40567345,93155504,12020815,2023-12
39,미국,US88634T7090,TD YL TSL IN ETF,49867487,37360420,87227906,12507067,2023-12
40,미국,US76954A1034,RIVIAN AUTOMOTIVE INC,46892269,73342649,120234918,-26450379,2023-12
41,미국,US91332U1016,UNITY SOFTWARE INC,45670866,71549770,117220636,-25878905,2023-12
42,미국,US30303M1027,META PLATFORMS INC CL A,40853866,73632105,114485971,-32778238,2023-12
43,미국,US25460G1537,DIREXION DAILY REGIONAL BAN DRX DLY REG BANK BULL 3X SPLR 947548282 US25460G8649,40323403,44127605,84451008,-3804202,2023-12
44,미국,US78468R6633,SPDR BLOOMBERG 1-3 MONTH T-BILL ETF SPLR 005544852 US78464A6800,37385222,31474883,68860105,5910338,2023-12
45,미국,US72919P2020,PLUG POWER INC,37100727,41069598,78170324,-3968871,2023-12
46,미국,US4642872422,ISHARES IBOXX USD INVESTMENT GRADE CORPORATE BOND ETF,36723489,1398123,38121612,35325366,2023-12
47,미국,CH0334081137,CRISPR THERAPEUTICS AG,36541675,36493559,73035234,48116,2023-12
48,미국,KYG2952X1209,E-HOME HOUSEHOLD SVC HLDGS COM USD0.20(POST REV SPLIT) SPLR 951644197 KYG2952X2033,36288624,12374050,48662674,23914573,2023-12
49,미국,US00724F1012,ADOBE INC,36053187,33522743,69575929,2530444,2023-12
50,미국,US46641Q3323,JP MORGAN EQUITY PREMIUM INCOME ETF,35233002,31232503,66465505,4000499,2023-12
