month,rnum,name,ticker,settle_amt_usd,net_buy_usd,entry,exit,ret_pct,spy_ret_pct,alpha_pp
2024-01,2,TESLA INC,TSLA.US,2514198049,326960996,187.29,201.88,7.790058198515681,5.218687872763428,2.5713703257522535
2024-01,3,NVIDIA CORP,NVDA.US,1570102917,31127198,615.27,791.12,28.580948201602553,5.218687872763428,23.362260328839124
2024-01,5,MICROSOFT CORP,MSFT.US,721606903,278152401,397.58,413.64,4.039438603551493,5.218687872763428,-1.179249269211935
2024-01,10,APPLE INC,AAPL.US,712132350,-155481819,184.4,180.75,-1.9793926247288485,5.218687872763428,-7.198080497492276
2024-01,7,ADVANCED MICRO DEVICES INC,AMD.US,649197356,78774069,167.69,192.53,14.81304788598008,5.218687872763428,9.59436001321665
2024-01,14,AMAZON.COM INC,AMZN.US,320575277,18161921,155.2,176.76,13.891752577319583,5.218687872763428,8.673064704556154
2024-01,19,ALPHABET INC CL A,GOOGL.US,302047486,-38951240,140.1,138.46,-1.1705924339757257,5.218687872763428,-6.3892803067391535
2024-01,13,INTEL CORP,INTC.US,300358869,62252407,43.08,43.05,-0.0696378830083555,5.218687872763428,-5.288325755771783
2024-01,17,MARATHON DIGITAL HOLDINGS INC,MARA.US,286203924,8646187,17.73,25.9,46.08009024252677,5.218687872763428,40.86140236976335
2024-01,22,COINBASE GLOBAL INC,COIN.US,254226299,-6228614,128.2,203.56,58.78315132605305,5.218687872763428,53.564463453289626
2024-01,18,IONQ INC,IONQ.US,230835971,43583275,10.27,10.36,0.8763388510223846,5.218687872763428,-4.342349021741043
2024-01,31,META PLATFORMS INC CL A,META.US,158973936,-19767832,390.14,490.13,25.629261290818683,5.218687872763428,20.410573418055254
2024-01,30,ELI LILLY & CO,LLY.US,125482367,19062023,645.61,753.68,16.739207880918805,5.218687872763428,11.520520008155376
2024-01,29,PFIZER INC,PFE.US,121340117,26604028,27.08,26.56,-1.9202363367799125,5.218687872763428,-7.13892420954334
2024-01,35,PALANTIR TECHNOLOGIES INC CL A,PLTR.US,104710726,2952907,16.09,25.08,55.873213175885624,5.218687872763428,50.6545253031222
2024-01,34,UNITY SOFTWARE INC,U.US,98751661,11307265,32.4,29.32,-9.506172839506167,5.218687872763428,-14.724860712269596
2024-01,39,BROADCOM INC EXOF 005644980 SG9999014823,AVGO.US,91297960,8295900,1180.0,1300.49,10.21101694915254,5.218687872763428,4.992329076389113
2024-01,45,REALTY INCOME CORP,O.US,90833255,-2221069,54.39,52.11,-4.191947049089906,5.218687872763428,-9.410634921853333
2024-01,40,PLUG POWER INC,PLUG.US,88362140,11220004,4.45,3.53,-20.674157303370798,5.218687872763428,-25.892845176134227
2024-01,46,BOEING CO,BA.US,88157882,-4079242,211.04,203.72,-3.468536770280517,5.218687872763428,-8.687224643043944
2024-01,41,RIVIAN AUTOMOTIVE INC,RIVN.US,87751192,11361949,15.31,11.32,-26.061397779229267,5.218687872763428,-31.280085651992696
2024-01,50,MICRON TECHNOLOGY INC,MU.US,64757248,16344965,85.75,90.61,5.66763848396501,5.218687872763428,0.44895061120158175
2024-02,1,NVIDIA CORP,NVDA.US,3168865888,406528665,791.12,903.5601,14.212774294670849,2.950322783813575,11.262451510857275
2024-02,3,TESLA INC,TSLA.US,2064758338,337577607,201.88,175.79,-12.92351892213196,2.950322783813575,-15.873841705945534
2024-02,6,MICROSOFT CORP,MSFT.US,820358431,172704150,413.64,420.72,1.7116333043226017,2.950322783813575,-1.238689479490973
2024-02,8,ARM HOLDINGS PLC SPON ADS EACH REP 1 ORD SHS,ARM.US,649649577,62058100,141.04,124.99,-11.379750425411228,2.950322783813575,-14.330073209224803
2024-02,15,APPLE INC,AAPL.US,557756710,-106862708,180.75,171.48,-5.128630705394199,2.950322783813575,-8.078953489207773
2024-02,12,ADVANCED MICRO DEVICES INC,AMD.US,545064444,-19129386,192.53,180.49,-6.253570872071879,2.950322783813575,-9.203893655885453
2024-02,11,ALPHABET INC CL A,GOOGL.US,457452840,77149844,138.46,150.93,9.006211180124213,2.950322783813575,6.055888396310638
2024-02,22,AMAZON.COM INC,AMZN.US,404144269,-88403027,176.76,180.38,2.0479746548992983,2.950322783813575,-0.9023481289142765
2024-02,17,META PLATFORMS INC CL A,META.US,373936319,-8753439,490.13,485.58,-0.9283251382286362,2.950322783813575,-3.878647922042211
2024-02,21,PALANTIR TECHNOLOGIES INC CL A,PLTR.US,366759212,-45562313,25.08,23.01,-8.253588516746401,2.950322783813575,-11.203911300559977
2024-02,19,ELI LILLY & CO,LLY.US,279275526,68512720,753.68,777.96,3.221526377242334,2.950322783813575,0.2712035934287593
2024-02,28,MARATHON DIGITAL HOLDINGS INC,MARA.US,239822302,12851767,25.9,22.58,-12.818532818532823,2.950322783813575,-15.768855602346399
2024-02,31,COINBASE GLOBAL INC,COIN.US,233109829,-9588278,203.56,265.12,30.241697779524458,2.950322783813575,27.291374995710882
2024-02,26,INTEL CORP,INTC.US,216823550,50891934,43.05,44.17,2.6016260162601723,2.950322783813575,-0.3486967675534025
2024-02,30,IONQ INC,IONQ.US,193151602,31819556,10.36,9.99,-3.5714285714285587,2.950322783813575,-6.521751355242134
2024-02,33,TAIWAN SEMICONDUCTOR MANUFACTURING CO LTD ADR,TSM.US,164114549,29622397,128.67,136.05,5.735602704593168,2.950322783813575,2.785279920779593
2024-02,37,RIVIAN AUTOMOTIVE INC,RIVN.US,136756504,25730686,11.32,10.95,-3.2685512367491287,2.950322783813575,-6.218874020562703
2024-02,34,INFLECTION POINT ACQUISITIO INTUITIVE MACHINES INC MRGR 944502928 KYG478741211,LUNR.US,123439697,59110312,6.03,6.25,3.6484245439469376,2.950322783813575,0.6981017601333628
2024-02,41,BROADCOM INC EXOF 005644980 SG9999014823,AVGO.US,122816756,16931176,1300.49,1325.41,1.9162008166152766,2.950322783813575,-1.0341219671982982
2024-02,44,SOUNDHOUND AI INC CL A,SOUN.US,119654511,81226,7.42,5.89,-20.619946091644202,2.950322783813575,-23.570268875457778
2024-02,36,REALTY INCOME CORP,O.US,111997446,51467358,52.11,54.1,3.818844751487238,2.950322783813575,0.8685219676736633
2024-02,45,PLUG POWER INC,PLUG.US,110805457,5675321,3.53,3.44,-2.5495750708215303,2.950322783813575,-5.499897854635105
2024-02,48,NANO X IMAGING LTD,NNOX.US,102782508,-9714691,11.16,9.77,-12.45519713261649,2.950322783813575,-15.405519916430066
2024-02,47,UNITY SOFTWARE INC,U.US,93966088,3674747,29.32,26.7,-8.935879945429747,2.950322783813575,-11.886202729243323
2024-02,43,MICROSTRATEGY INC CL A,MSTR.US,92422969,28435357,1022.84,1704.56,66.64972038637518,2.950322783813575,63.6993976025616
2024-03,1,NVIDIA CORP,NVDA.US,4271527704,373075626,903.5601,864.02,-4.376034311386712,-4.031965128950244,-0.3440691824364679
2024-03,3,TESLA INC,TSLA.US,2706649502,170514055,175.79,183.28,4.260765686330292,-4.031965128950244,8.292730815280535
2024-03,5,MICROSTRATEGY INC CL A,MSTR.US,974186286,208045171,1704.56,1065.03,-37.518773173135585,-4.031965128950244,-33.48680804418534
2024-03,11,ADVANCED MICRO DEVICES INC,AMD.US,786083839,-53409880,180.49,158.38,-12.249986148817115,-4.031965128950244,-8.218021019866871
2024-03,10,APPLE INC,AAPL.US,760073509,-12060269,171.48,170.33,-0.6706321436902085,-4.031965128950244,3.3613329852600353
2024-03,9,MICROSOFT CORP,MSFT.US,751217901,54163172,420.72,389.33,-7.461019205172093,-4.031965128950244,-3.429054076221849
2024-03,14,SOUNDHOUND AI INC CL A,SOUN.US,552921178,-14518175,5.89,4.24,-28.01358234295416,-4.031965128950244,-23.981617214003915
2024-03,17,COINBASE GLOBAL INC,COIN.US,528390757,-28635382,265.12,203.93,-23.080114665057327,-4.031965128950244,-19.048149536107083
2024-03,20,ALPHABET INC CL A,GOOGL.US,521992558,-73351017,150.93,162.78,7.851321804810163,-4.031965128950244,11.883286933760406
2024-03,23,MARATHON DIGITAL HOLDINGS INC,MARA.US,412915391,-24575479,22.58,16.06,-28.875110717449072,-4.031965128950244,-24.843145588498828
2024-03,15,TAIWAN SEMICONDUCTOR MANUFACTURING CO LTD ADR,TSM.US,383756214,136511855,136.05,137.34,0.9481808158765093,-4.031965128950244,4.980145944826753
2024-03,22,MICRON TECHNOLOGY INC,MU.US,356250841,36848878,117.89,112.96,-4.181864449910943,-4.031965128950244,-0.14989932096069936
2024-03,26,IONQ INC,IONQ.US,349818499,13037351,9.99,8.55,-14.414414414414411,-4.031965128950244,-10.382449285464167
2024-03,27,ARM HOLDINGS PLC SPON ADS EACH REP 1 ORD SHS,ARM.US,337035678,11395696,124.99,101.21,-19.02552204176334,-4.031965128950244,-14.993556912813098
2024-03,24,PALANTIR TECHNOLOGIES INC CL A,PLTR.US,336332101,42701360,23.01,21.97,-4.5197740112994484,-4.031965128950244,-0.4878088823492046
2024-03,25,INTEL CORP,INTC.US,326233063,42887094,44.17,30.47,-31.016527054561926,-4.031965128950244,-26.984561925611683
2024-03,28,BROADCOM INC EXOF 005644980 SG9999014823,AVGO.US,301558552,44809332,1325.41,1300.27,-1.8967715650251682,-4.031965128950244,2.1351935639250756
2024-03,40,AMAZON.COM INC,AMZN.US,251651225,-43720530,180.38,175.0,-2.9825923051336023,-4.031965128950244,1.0493728238166415
2024-03,32,META PLATFORMS INC CL A,META.US,233430419,9031210,485.58,430.17,-11.411096008896571,-4.031965128950244,-7.379130879946327
2024-03,36,ELI LILLY & CO,LLY.US,215998914,11794199,777.96,781.1,0.40361972337910057,-4.031965128950244,4.435584852329344
2024-03,43,VIKING THERAPEUTICS INC,VKTX.US,155736712,18372139,82.0,79.58,-2.9512195121951246,-4.031965128950244,1.0807456167551193
2024-03,49,NUSCALE POWER CORP CL A MRGR 009185329 KYG8377A1085,SMR.US,153482663,6252089,5.31,5.8,9.227871939736353,-4.031965128950244,13.259837068686597
2024-03,48,NOVO NORDISK A/S ADR,NVO.US,125795922,34299958,128.4,128.31,-0.07009345794393163,-4.031965128950244,3.961871671006312
2024-03,42,REALTY INCOME CORP,O.US,124155326,60662620,54.1,53.54,-1.0351201478743133,-4.031965128950244,2.9968449810759306
2024-04,2,NVIDIA CORP,NVDA.US,2583994425,-65884051,864.02,1096.33,26.88710909469687,5.0579704370691925,21.82913865762768
2024-04,3,TESLA INC,TSLA.US,2133713791,349207656,183.28,178.08,-2.8371890004364797,5.0579704370691925,-7.895159437505672
2024-04,8,MICROSOFT CORP,MSFT.US,587665515,24079983,389.33,415.13,6.626769064803639,5.0579704370691925,1.5687986277344468
2024-04,9,MICROSTRATEGY INC CL A,MSTR.US,552142723,-8838847,1065.03,1524.49,43.14056881026826,5.0579704370691925,38.08259837319907
2024-04,15,TAIWAN SEMICONDUCTOR MANUFACTURING CO LTD ADR,TSM.US,439799413,-32939477,137.34,151.04,9.97524392019804,5.0579704370691925,4.917273483128847
2024-04,18,APPLE INC,AAPL.US,390453994,-48538200,170.33,192.25,12.869136382316682,5.0579704370691925,7.81116594524749
2024-04,13,META PLATFORMS INC CL A,META.US,378723102,69349102,430.17,466.83,8.522212148685405,5.0579704370691925,3.4642417116162125
2024-04,19,MICRON TECHNOLOGY INC,MU.US,303560038,2664196,112.96,125.0,10.6586402266289,5.0579704370691925,5.600669789559708
2024-04,27,ALPHABET INC CL A,GOOGL.US,300090533,-68218825,162.78,172.5,5.97124953925543,5.0579704370691925,0.9132791021862374
2024-04,24,ADVANCED MICRO DEVICES INC,AMD.US,261612903,-6584241,158.38,166.9,5.379467104432378,5.0579704370691925,0.32149666736318583
2024-04,25,AMAZON.COM INC,AMZN.US,250876256,-5498051,175.0,176.44,0.8228571428571474,5.0579704370691925,-4.235113294212045
2024-04,23,INTEL CORP,INTC.US,238200648,18110896,30.47,30.85,1.247128322940605,5.0579704370691925,-3.8108421141285875
2024-04,38,COINBASE GLOBAL INC,COIN.US,156577271,-10101573,203.93,225.92,10.783111852106098,5.0579704370691925,5.725141415036905
2024-04,34,IONQ INC,IONQ.US,152220191,7096290,8.55,8.15,-4.678362573099415,5.0579704370691925,-9.736333010168607
2024-04,32,PALANTIR TECHNOLOGIES INC CL A,PLTR.US,150467098,17578219,21.97,21.68,-1.3199817933545743,5.0579704370691925,-6.377952230423767
2024-04,37,NUSCALE POWER CORP CL A MRGR 009185329 KYG8377A1085,SMR.US,132246324,16552828,5.8,8.73,50.51724137931035,5.0579704370691925,45.459270942241155
2024-04,42,ARM HOLDINGS PLC SPON ADS EACH REP 1 ORD SHS,ARM.US,128242921,2104199,101.21,120.52,19.07914237723545,5.0579704370691925,14.021171940166257
2024-04,41,DESTINY TECH 100 INC,DXYZ.US,122291036,8882143,17.49,14.87,-14.97998856489422,5.0579704370691925,-20.037959001963415
2024-04,47,MARATHON DIGITAL HOLDINGS INC,MARA.US,109146987,5063892,16.06,19.52,21.544209215442088,5.0579704370691925,16.486238778372893
2024-04,50,ASML HOLDING NV ADR,ASML.US,105998894,-5599110,872.47,960.35,10.072552637913045,5.0579704370691925,5.0145822008438525
2024-04,46,VERTIV HOLDINGS CO,VRT.US,105048527,9504906,93.0,98.07,5.4516129032258,5.0579704370691925,0.39364246615660736
2024-04,48,REALTY INCOME CORP,O.US,96315078,11298654,53.54,53.06,-0.8965259618976429,5.0579704370691925,-5.954496398966835
2024-04,44,MOBILE-HEALTH NETWORK SOLUTION USD CL A ORD SHS,MNDR.US,94720443,27955734,24.65,1.42,-94.2393509127789,5.0579704370691925,-99.29732134984809
2024-05,1,NVIDIA CORP,NVDA.US,3376147539,-85913629,1096.33,123.54,-88.73149507903642,3.1951002142708296,-91.92659529330724
2024-05,3,TESLA INC,TSLA.US,1973337534,-13264381,178.08,197.88,11.118598382749312,3.1951002142708296,7.923498168478482
2024-05,9,APPLE INC,AAPL.US,744882227,-105445585,192.25,210.62,9.555266579973987,3.1951002142708296,6.360166365703157
2024-05,10,GAMESTOP CORP,GME.US,588034691,44989659,23.14,24.69,6.698357821953338,3.1951002142708296,3.5032576076825084
2024-05,7,MICROSOFT CORP,MSFT.US,585214018,83001131,415.13,446.95,7.665068773637174,3.1951002142708296,4.469968559366344
2024-05,17,ALPHABET INC CL A,GOOGL.US,345834649,-25930249,172.5,182.15,5.594202898550726,3.1951002142708296,2.399102684279897
2024-05,15,AMAZON.COM INC,AMZN.US,331046623,-7488660,176.44,193.25,9.527318068465206,3.1951002142708296,6.3322178541943765
2024-05,14,ADVANCED MICRO DEVICES INC,AMD.US,327965660,40440329,166.9,162.21,-2.8100659077291756,3.1951002142708296,-6.005166122000006
2024-05,16,MICROSTRATEGY INC CL A,MSTR.US,316344357,4220163,1524.49,1377.48,-9.64322494735944,3.1951002142708296,-12.83832516163027
2024-05,22,META PLATFORMS INC CL A,META.US,279019115,-23569479,466.83,504.22,8.009339588286956,3.1951002142708296,4.814239374016126
2024-05,18,INTEL CORP,INTC.US,251849649,65136691,30.85,30.97,0.3889789303079372,3.1951002142708296,-2.8061212839628924
2024-05,21,PALANTIR TECHNOLOGIES INC CL A,PLTR.US,247940808,29378259,21.68,25.33,16.83579335793357,3.1951002142708296,13.640693143662741
2024-05,19,STARBUCKS CORP,SBUX.US,225312186,85136090,80.22,77.85,-2.954375467464476,3.1951002142708296,-6.149475681735305
2024-05,29,TAIWAN SEMICONDUCTOR MANUFACTURING CO LTD ADR,TSM.US,215948160,-13772014,151.04,173.81,15.075476694915269,3.1951002142708296,11.88037648064444
2024-05,31,COINBASE GLOBAL INC,COIN.US,184634804,487456,225.92,222.23,-1.6333215297450465,3.1951002142708296,-4.828421744015876
2024-05,36,NUSCALE POWER CORP CL A MRGR 009185329 KYG8377A1085,SMR.US,170204469,-8227162,8.73,11.69,33.906071019473075,3.1951002142708296,30.710970805202244
2024-05,41,NOVAVAX INC SPLR 006427946 US6700021040,NVAX.US,154962649,-2661399,15.03,12.66,-15.76846307385229,3.1951002142708296,-18.96356328812312
2024-05,35,MICRON TECHNOLOGY INC,MU.US,153668839,8521810,125.0,131.53,5.224000000000006,3.1951002142708296,2.028899785729177
2024-05,40,ARM HOLDINGS PLC SPON ADS EACH REP 1 ORD SHS,ARM.US,149382323,3858666,120.52,163.62,35.761699303020244,3.1951002142708296,32.56659908874941
2024-05,46,MARATHON DIGITAL HOLDINGS INC,MARA.US,144227666,-907653,19.52,19.85,1.6905737704918211,3.1951002142708296,-1.5045264437790085
2024-05,39,AMC ENTERTAINMENT HOLDINGS INC,AMC.US,138959392,16111552,4.33,4.98,15.011547344110854,3.1951002142708296,11.816447129840025
2024-05,47,IONQ INC,IONQ.US,136681179,6327495,8.15,7.03,-13.742331288343557,3.1951002142708296,-16.937431502614388
2024-05,33,REALTY INCOME CORP,O.US,123920347,46634781,53.06,52.82,-0.4523181304183943,3.1951002142708296,-3.647418344689224
2024-05,43,QUALCOMM INC,QCOM.US,122200381,27395279,204.05,199.18,-2.386669933839747,3.1951002142708296,-5.581770148110577
2024-05,49,VERTIV HOLDINGS CO,VRT.US,109046706,25745295,98.07,86.57,-11.72631793616804,3.1951002142708296,-14.921418150438871
2024-06,1,NVIDIA CORP,NVDA.US,5993830893,1123880159,123.54,117.02,-5.277642868706501,1.210907353643731,-6.488550222350232
2024-06,4,TESLA INC,TSLA.US,1744802400,-91583476,197.88,232.07,17.27814837275117,1.210907353643731,16.06724101910744
2024-06,7,APPLE INC,AAPL.US,1235232724,-336735544,210.62,222.08,5.4410787199696165,1.210907353643731,4.2301713663258855
2024-06,6,GAMESTOP CORP,GME.US,978340895,69999899,24.69,22.67,-8.181449979748889,1.210907353643731,-9.39235733339262
2024-06,11,MICROSOFT CORP,MSFT.US,656850288,-71017675,446.95,418.35,-6.398926054368492,1.210907353643731,-7.609833408012223
2024-06,8,BROADCOM INC EXOF 005644980 SG9999014823,AVGO.US,645990360,228633546,1605.53,160.68,-89.99208983949225,1.210907353643731,-91.20299719313599
2024-06,10,MICRON TECHNOLOGY INC,MU.US,529804768,239110322,131.53,109.82,-16.50574013533035,1.210907353643731,-17.71664748897408
2024-06,13,TAIWAN SEMICONDUCTOR MANUFACTURING CO LTD ADR,TSM.US,436645171,114282793,173.81,165.8,-4.60848052471089,1.210907353643731,-5.819387878354621
2024-06,15,ARM HOLDINGS PLC SPON ADS EACH REP 1 ORD SHS,ARM.US,349319675,61842036,163.62,144.17,-11.887299841095233,1.210907353643731,-13.098207194738965
2024-06,23,ADVANCED MICRO DEVICES INC,AMD.US,310993558,-25099461,162.21,144.48,-10.930275568707238,1.210907353643731,-12.141182922350968
2024-06,21,DELL TECHNOLOGIES INC CL C MRGR 006138875 US24703L1035,DELL.US,287693219,22957912,137.91,113.68,-17.56942933797403,1.210907353643731,-18.78033669161776
2024-06,25,ALPHABET INC CL A,GOOGL.US,272028944,7095348,182.15,171.54,-5.824869612956363,1.210907353643731,-7.0357769666000936
2024-06,20,QUALCOMM INC,QCOM.US,250496704,62265809,199.18,180.95,-9.152525353951212,1.210907353643731,-10.363432707594942
2024-06,32,AMAZON.COM INC,AMZN.US,242027301,-60277928,193.25,186.98,-3.2445019404915953,1.210907353643731,-4.455409294135326
2024-06,27,MICROSTRATEGY INC CL A,MSTR.US,214016110,17662719,1377.48,1614.44,17.202427621453676,1.210907353643731,15.991520267809946
2024-06,26,ELI LILLY & CO,LLY.US,209595890,61927663,905.38,804.27,-11.167686496277806,1.210907353643731,-12.378593849921536
2024-06,37,PALANTIR TECHNOLOGIES INC CL A,PLTR.US,193923600,-39015874,25.33,26.89,6.158705092775385,1.210907353643731,4.947797739131654
2024-06,34,NUSCALE POWER CORP CL A MRGR 009185329 KYG8377A1085,SMR.US,187888437,-19902826,11.69,10.22,-12.574850299401186,1.210907353643731,-13.785757653044918
2024-06,40,META PLATFORMS INC CL A,META.US,175282566,-32974094,504.22,474.83,-5.82880488675579,1.210907353643731,-7.0397122403995205
2024-06,36,VERTIV HOLDINGS CO,VRT.US,141199437,14028746,86.57,78.7,-9.090909090909083,1.210907353643731,-10.301816444552813
2024-06,45,INTEL CORP,INTC.US,137295478,1244203,30.97,30.74,-0.7426541814659404,1.210907353643731,-1.9535615351096713
2024-06,46,REALTY INCOME CORP,O.US,118184953,19982230,52.82,57.43,8.727754638394547,1.210907353643731,7.516847284750816
2024-06,49,IONQ INC,IONQ.US,107788689,8179133,7.03,8.15,15.931721194879088,1.210907353643731,14.720813841235358
2024-07,2,TESLA INC,TSLA.US,6227212315,-292174034,232.07,214.11,-7.739044253888904,2.3365588860042585,-10.075603139893163
2024-07,3,NVIDIA CORP,NVDA.US,5076994338,-498436318,117.02,119.37,2.008203725858837,2.3365588860042585,-0.32835516014542154
2024-07,8,APPLE INC,AAPL.US,1114293116,125136340,222.08,229.0,3.115994236311237,2.3365588860042585,0.7794353503069784
2024-07,9,MICROSOFT CORP,MSFT.US,952549643,-42691971,418.35,417.14,-0.2892315047209326,2.3365588860042585,-2.625790390725191
2024-07,10,TAIWAN SEMICONDUCTOR MANUFACTURING CO LTD ADR,TSM.US,778875106,95825385,165.8,171.7,3.5585042219541396,2.3365588860042585,1.221945335949881
2024-07,11,BROADCOM INC EXOF 005644980 SG9999014823,AVGO.US,620991147,109885325,160.68,162.82,1.331839681354241,2.3365588860042585,-1.0047192046500175
2024-07,15,INTEL CORP,INTC.US,505155182,34992535,30.74,22.04,-28.301886792452823,2.3365588860042585,-30.63844567845708
2024-07,25,MICRON TECHNOLOGY INC,MU.US,464218896,-95872710,109.82,96.24,-12.365689309779636,2.3365588860042585,-14.702248195783895
2024-07,17,AMAZON.COM INC,AMZN.US,429855520,15817754,186.98,178.5,-4.5352444111669605,2.3365588860042585,-6.871803297171219
2024-07,19,ADVANCED MICRO DEVICES INC,AMD.US,427479758,11472262,144.48,148.56,2.8239202657807327,2.3365588860042585,0.4873613797764742
2024-07,18,ARM HOLDINGS PLC SPON ADS EACH REP 1 ORD SHS,ARM.US,424811558,19883520,144.17,132.88,-7.831032808489969,2.3365588860042585,-10.167591694494227
2024-07,24,NUSCALE POWER CORP CL A MRGR 009185329 KYG8377A1085,SMR.US,398902229,-4713948,10.22,8.23,-19.471624266144815,2.3365588860042585,-21.808183152149073
2024-07,21,ALPHABET INC CL A,GOOGL.US,386112543,21782470,171.54,163.38,-4.756908009793637,2.3365588860042585,-7.093466895797896
2024-07,26,MICROSTRATEGY INC CL A,MSTR.US,371414956,-4244981,1614.44,132.42,-91.79777507990387,2.3365588860042585,-94.13433396590813
2024-07,22,ELI LILLY & CO,LLY.US,350328860,56482061,804.27,960.02,19.365387245576727,2.3365588860042585,17.02882835957247
2024-07,38,PALANTIR TECHNOLOGIES INC CL A,PLTR.US,290022807,-37260353,26.89,31.48,17.069542580885088,2.3365588860042585,14.73298369488083
2024-07,35,META PLATFORMS INC CL A,META.US,289866381,-12106893,474.83,521.31,9.788766505907365,2.3365588860042585,7.452207619903106
2024-07,30,NIKE INC CL B,NKE.US,232033486,99645099,74.86,83.32,11.301095378039005,2.3365588860042585,8.964536492034746
2024-07,37,DIGITAL WORLD ACQUISITION CORP,DJT.US,227649851,41866048,28.74,19.5,-32.150313152400834,2.3365588860042585,-34.486872038405096
2024-07,44,REALTY INCOME CORP,O.US,197961621,-12852083,57.43,62.11,8.14905101863137,2.3365588860042585,5.812492132627112
2024-07,46,ASML HOLDING NV ADR,ASML.US,165693957,16012408,936.7,903.87,-3.504857478381551,2.3365588860042585,-5.841416364385809
2024-07,49,PFIZER INC,PFE.US,148392067,19323957,30.54,29.01,-5.009823182711193,2.3365588860042585,-7.346382068715451
2024-08,2,NVIDIA CORP,NVDA.US,5617474498,-178984795,119.37,121.44,1.7341040462427681,1.7882486517172946,-0.054144605474526486
2024-08,4,TESLA INC,TSLA.US,2716481837,26088988,214.11,261.63,22.194199243379554,1.7882486517172946,20.40595059166226
2024-08,10,APPLE INC,AAPL.US,963499597,-144562476,229.0,233.0,1.7467248908296984,1.7882486517172946,-0.04152376088759624
2024-08,12,MICROSOFT CORP,MSFT.US,779722235,-60766613,417.14,430.3,3.154816128877602,1.7882486517172946,1.3665674771603076
2024-08,19,PALANTIR TECHNOLOGIES INC CL A,PLTR.US,381993146,-22496329,31.48,37.2,18.1702668360864,1.7882486517172946,16.38201818436911
2024-08,23,ALPHABET INC CL A,GOOGL.US,361041722,-89619129,163.38,165.85,1.5118129514016365,1.7882486517172946,-0.2764357003156581
2024-08,18,ADVANCED MICRO DEVICES INC,AMD.US,357129128,16485275,148.56,164.08,10.446957458266027,1.7882486517172946,8.658708806548733
2024-08,16,INTEL CORP,INTC.US,332371734,94670649,22.04,23.46,6.442831215970979,1.7882486517172946,4.654582564253684
2024-08,24,TAIWAN SEMICONDUCTOR MANUFACTURING CO LTD ADR,TSM.US,317705141,-47597971,171.7,173.67,1.147350029120564,1.7882486517172946,-0.6408986225967306
2024-08,21,ELI LILLY & CO,LLY.US,282356710,-3430357,960.02,885.94,-7.716505906126947,1.7882486517172946,-9.504754557844242
2024-08,31,BROADCOM INC EXOF 005644980 SG9999014823,AVGO.US,271209416,-40174152,162.82,172.5,5.945215575482132,1.7882486517172946,4.156966923764838
2024-08,29,ARM HOLDINGS PLC SPON ADS EACH REP 1 ORD SHS,ARM.US,250568398,-6469327,132.88,143.01,7.623419626730876,1.7882486517172946,5.835170975013582
2024-08,32,AMAZON.COM INC,AMZN.US,237333851,-16419741,178.5,186.33,4.386554621848737,1.7882486517172946,2.5983059701314426
2024-08,27,MICROSTRATEGY INC CL A,MSTR.US,235903500,25004221,132.42,168.6,27.32215677390124,1.7882486517172946,25.533908122183945
2024-08,34,META PLATFORMS INC CL A,META.US,232493751,-40002736,521.31,572.44,9.807983733287307,1.7882486517172946,8.019735081570012
2024-08,38,NUSCALE POWER CORP CL A MRGR 009185329 KYG8377A1085,SMR.US,158585911,15669425,8.23,11.58,40.704738760631834,1.7882486517172946,38.91649010891454
2024-08,40,MICRON TECHNOLOGY INC,MU.US,150999992,11601955,96.24,103.71,7.761845386533661,1.7882486517172946,5.9735967348163665
2024-08,44,AST SPACEMOBILE INC CL A EXOF 008072919 US64822P2056,ASTS.US,133008512,6453928,29.04,26.15,-9.951790633608814,1.7882486517172946,-11.740039285326109
2024-08,42,PFIZER INC,PFE.US,131467484,11250442,29.01,28.94,-0.24129610479145525,1.7882486517172946,-2.02954475650875
2024-08,49,IONQ INC,IONQ.US,120368048,9619543,7.42,8.74,17.78975741239892,1.7882486517172946,16.001508760681624
2024-08,41,OCCIDENTAL PETROLEUM CORP,OXY.US,108386860,42144877,56.98,51.54,-9.547209547209546,1.7882486517172946,-11.33545819892684
2024-09,2,NVIDIA CORP,NVDA.US,3512745634,-183347652,121.44,132.76,9.321475625823439,-0.8923591745677695,10.213834800391208
2024-09,4,TESLA INC,TSLA.US,2673236774,-205509626,261.63,249.85,-4.502541757443723,-0.8923591745677695,-3.6101825828759533
2024-09,11,APPLE INC,AAPL.US,880760367,-338742497,233.0,225.91,-3.042918454935628,-0.8923591745677695,-2.1505592803678586
2024-09,17,MICROSOFT CORP,MSFT.US,381902183,-69303108,430.3,406.35,-5.5658842667906105,-0.8923591745677695,-4.673525092222841
2024-09,16,PALANTIR TECHNOLOGIES INC CL A,PLTR.US,360093252,-34576069,37.2,41.56,11.72043010752688,-0.8923591745677695,12.61278928209465
2024-09,18,INTEL CORP,INTC.US,304537689,7332592,23.46,21.52,-8.269394714407508,-0.8923591745677695,-7.3770355398397385
2024-09,25,BROADCOM INC EXOF 005644980 SG9999014823,AVGO.US,248581907,-53583691,172.5,169.77,-1.5826086956521657,-0.8923591745677695,-0.6902495210843962
2024-09,20,MICROSTRATEGY INC CL A,MSTR.US,233019555,15968935,168.6,244.5,45.01779359430604,-0.8923591745677695,45.910152768873814
2024-09,22,ALPHABET INC CL A,GOOGL.US,188295379,15958054,165.85,171.11,3.1715405486885784,-0.8923591745677695,4.063899723256348
2024-09,35,TAIWAN SEMICONDUCTOR MANUFACTURING CO LTD ADR,TSM.US,187191934,-40884029,173.67,190.54,9.713825070536085,-0.8923591745677695,10.606184245103854
2024-09,30,MICRON TECHNOLOGY INC,MU.US,165487907,1284679,103.71,99.65,-3.9147623180021074,-0.8923591745677695,-3.022403143434338
2024-09,29,META PLATFORMS INC CL A,META.US,154782747,15326777,572.44,567.58,-0.8489972748235597,-0.8923591745677695,0.043361899744209786
2024-09,43,ADVANCED MICRO DEVICES INC,AMD.US,150753061,-31352885,164.08,144.07,-12.195270599707476,-0.8923591745677695,-11.302911425139706
2024-09,46,AMAZON.COM INC,AMZN.US,149593838,-39843233,186.33,186.4,0.037567756131595686,-0.8923591745677695,0.9299269306993652
2024-09,31,ARM HOLDINGS PLC SPON ADS EACH REP 1 ORD SHS,ARM.US,144903796,14150824,143.01,141.3,-1.1957205789804748,-0.8923591745677695,-0.3033614044127053
2024-09,40,NUSCALE POWER CORP CL A MRGR 009185329 KYG8377A1085,SMR.US,142562335,-12187497,11.58,19.14,65.28497409326425,-0.8923591745677695,66.17733326783203
2024-09,38,ELI LILLY & CO,LLY.US,125555205,8088301,885.94,829.74,-6.343544709574012,-0.8923591745677695,-5.451185535006243
2024-09,44,IONQ INC,IONQ.US,112628880,3515532,8.74,15.03,71.96796338672769,-0.8923591745677695,72.86032256129546
2024-09,48,DIGITAL WORLD ACQUISITION CORP,DJT.US,84505633,17693578,16.07,35.34,119.91288114499068,-0.8923591745677695,120.80524031955845
2024-09,50,OCCIDENTAL PETROLEUM CORP,OXY.US,80282992,16852621,51.54,50.11,-2.774544043461391,-0.8923591745677695,-1.8821848688936216
2024-10,2,TESLA INC,TSLA.US,4650990897,-479352335,249.85,345.16,38.14688813287974,5.963351153629715,32.18353697925002
2024-10,4,NVIDIA CORP,NVDA.US,3686798682,-833337076,132.76,138.25,4.13528171135884,5.963351153629715,-1.8280694422708743
2024-10,11,IONQ INC,IONQ.US,872869630,-107807776,15.03,36.5,142.84763805721892,5.963351153629715,136.8842869035892
2024-10,9,DIGITAL WORLD ACQUISITION CORP,DJT.US,811578277,36217546,35.34,31.6,-10.582908885116016,5.963351153629715,-16.54626003874573
2024-10,12,MICROSTRATEGY INC CL A,MSTR.US,682805533,28522085,244.5,387.47,58.47443762781188,5.963351153629715,52.511086474182164
2024-10,16,APPLE INC,AAPL.US,533974576,-20688908,225.91,237.33,5.055110442211497,5.963351153629715,-0.9082407114182178
2024-10,19,NUSCALE POWER CORP CL A MRGR 009185329 KYG8377A1085,SMR.US,524836826,-69575326,19.14,29.65,54.911180773249725,5.963351153629715,48.94782961962001
2024-10,15,MICROSOFT CORP,MSFT.US,508881344,26002011,406.35,423.46,4.2106558385627935,5.963351153629715,-1.7526953150669211
2024-10,17,TAIWAN SEMICONDUCTOR MANUFACTURING CO LTD ADR,TSM.US,474593594,4886419,190.54,184.66,-3.085966201322554,5.963351153629715,-9.049317354952269
2024-10,25,PALANTIR TECHNOLOGIES INC CL A,PLTR.US,354422375,39805004,41.56,67.08,61.405197305101055,5.963351153629715,55.44184615147134
2024-10,21,META PLATFORMS INC CL A,META.US,321844008,104972319,567.58,574.32,1.1874977976672918,5.963351153629715,-4.775853355962423
2024-10,29,ADVANCED MICRO DEVICES INC,AMD.US,287294512,23024171,144.07,137.18,-4.782397445686115,5.963351153629715,-10.74574859931583
2024-10,32,ALTC ACQUISITION CORP,OKLO.US,258206297,10900045,22.46,23.54,4.808548530721279,5.963351153629715,-1.1548026229084352
2024-10,37,ALPHABET INC CL A,GOOGL.US,230275142,-6766631,171.11,168.95,-1.2623458593887138,5.963351153629715,-7.225697013018428
2024-10,43,BROADCOM INC EXOF 005644980 SG9999014823,AVGO.US,207577110,-47413750,169.77,162.08,-4.529657772280138,5.963351153629715,-10.493008925909852
2024-10,33,ASML HOLDING NV ADR,ASML.US,206211567,59014696,672.55,686.61,2.0905508884097923,5.963351153629715,-3.8728002652199223
2024-10,41,SUPER MICRO COMPUTER INC,SMCI.US,198332547,259086,29.11,32.64,12.126417038818271,5.963351153629715,6.163065885188557
2024-10,38,COINBASE GLOBAL INC,COIN.US,188677409,30592372,179.25,296.2,65.24407252440724,5.963351153629715,59.28072137077753
2024-10,40,JOBY AVIATION INC EXOF 008448244 KYG7483N1117,JOBY.US,175644312,28908871,4.8,8.95,86.45833333333333,5.963351153629715,80.49498217970361
2024-10,49,AMAZON.COM INC,AMZN.US,160755813,-33168242,186.4,207.89,11.528969957081525,5.963351153629715,5.565618803451811
2024-10,47,INTEL CORP,INTC.US,159542929,-28573884,21.52,24.05,11.756505576208177,5.963351153629715,5.793154422578462
2024-10,46,ARM HOLDINGS PLC SPON ADS EACH REP 1 ORD SHS,ARM.US,154239937,-19456722,141.3,134.29,-4.96107572540695,5.963351153629715,-10.924426879036664
2024-10,45,ELI LILLY & CO,LLY.US,142459340,-5371574,829.74,795.35,-4.1446718249090075,5.963351153629715,-10.108022978538722
2024-11,1,TESLA INC,TSLA.US,7755677330,261025425,345.16,403.84,17.000811217985845,-2.7333831217326243,19.73419433971847
2024-11,4,NVIDIA CORP,NVDA.US,3423201350,122408484,138.25,134.29,-2.86437613019892,-2.7333831217326243,-0.1309930084662958
2024-11,6,IONQ INC,IONQ.US,2589099220,-240893154,36.5,41.77,14.438356164383581,-2.7333831217326243,17.171739286116207
2024-11,5,MICROSTRATEGY INC CL A,MSTR.US,2202654315,156198703,387.47,289.62,-25.253568018169148,-2.7333831217326243,-22.520184896436522
2024-11,11,PALANTIR TECHNOLOGIES INC CL A,PLTR.US,1005961431,187238694,67.08,75.63,12.745974955277273,-2.7333831217326243,15.479358077009897
2024-11,14,DIGITAL WORLD ACQUISITION CORP,DJT.US,775390085,-4720614,31.6,34.1,7.911392405063289,-2.7333831217326243,10.644775526795913
2024-11,19,MICROSOFT CORP,MSFT.US,673448517,-92040159,423.46,421.5,-0.462853634345628,-2.7333831217326243,2.2705294873869963
2024-11,25,APPLE INC,AAPL.US,599861070,-190111110,237.33,250.42,5.515526903467727,-2.7333831217326243,8.24891002520035
2024-11,21,COINBASE GLOBAL INC,COIN.US,574575159,-27999369,296.2,248.3,-16.171505739365287,-2.7333831217326243,-13.438122617632663
2024-11,20,NUSCALE POWER CORP CL A MRGR 009185329 KYG8377A1085,SMR.US,541503154,24010435,29.65,17.93,-39.52782462057335,-2.7333831217326243,-36.794441498840726
2024-11,23,SUPER MICRO COMPUTER INC,SMCI.US,439685674,1191290,32.64,30.48,-6.617647058823528,-2.7333831217326243,-3.884263937090904
2024-11,33,ELI LILLY & CO,LLY.US,357817103,-24155645,795.35,772.0,-2.9358144213239457,-2.7333831217326243,-0.20243129959132133
2024-11,32,AMAZON.COM INC,AMZN.US,356065439,-6119273,207.89,219.39,5.531771609986058,-2.7333831217326243,8.265154731718683
2024-11,46,ALPHABET INC CL A,GOOGL.US,350015386,-125333594,168.95,189.3,12.044983722994985,-2.7333831217326243,14.778366844727609
2024-11,29,ALTC ACQUISITION CORP,OKLO.US,344728218,29179758,23.54,21.23,-9.813084112149529,-2.7333831217326243,-7.079700990416905
2024-11,39,META PLATFORMS INC CL A,META.US,341883685,-78331079,574.32,585.51,1.9483911408274102,-2.7333831217326243,4.681774262560035
2024-11,45,TAIWAN SEMICONDUCTOR MANUFACTURING CO LTD ADR,TSM.US,306988799,-73213050,184.66,197.49,6.94790425647136,-2.7333831217326243,9.681287378203985
2024-11,43,JOBY AVIATION INC EXOF 008448244 KYG7483N1117,JOBY.US,263499017,-28583012,8.95,8.13,-9.162011173184336,-2.7333831217326243,-6.428628051451712
2024-11,38,ADVANCED MICRO DEVICES INC,AMD.US,259418307,4896602,137.18,120.79,-11.947805802595134,-2.7333831217326243,-9.21442268086251
2024-11,36,ZETA GLOBAL HOLDINGS CORP CL A,ZETA.US,235901709,63802276,21.3,17.99,-15.539906103286395,-2.7333831217326243,-12.806522981553771
2024-11,41,MARATHON DIGITAL HOLDINGS INC,MARA.US,222578831,34753701,27.42,16.77,-38.840262582056894,-2.7333831217326243,-36.10687946032427
2024-11,49,BROADCOM INC EXOF 005644980 SG9999014823,AVGO.US,221675502,-32775351,162.08,231.84,43.04047384007896,-2.7333831217326243,45.77385696181158
2024-11,48,INTEL CORP,INTC.US,214761900,-25397165,24.05,20.05,-16.632016632016633,-2.7333831217326243,-13.898633510284009
2024-11,50,REALTY INCOME CORP,O.US,150777691,37935862,57.89,53.41,-7.738814993954057,-2.7333831217326243,-5.005431872221433
2024-12,1,TESLA INC,TSLA.US,6691202697,703161019,403.84,404.6,0.18819334389859055,2.6856401856401924,-2.497446841741602
2024-12,6,NVIDIA CORP,NVDA.US,2848446778,-697520948,134.29,120.07,-10.589023754561023,2.6856401856401924,-13.274663940201215
2024-12,4,RIGETTI COMPUTING INC MRGR 008989411 KYG8T86C1136,RGTI.US,2455157192,23966405,15.26,13.17,-13.695937090432498,2.6856401856401924,-16.38157727607269
2024-12,7,IONQ INC,IONQ.US,2338062939,-319384142,41.77,39.49,-5.458463011730908,2.6856401856401924,-8.1441031973711
2024-12,5,PALANTIR TECHNOLOGIES INC CL A,PLTR.US,1741980742,480118743,75.63,82.49,9.070474679360041,2.6856401856401924,6.384834493719849
2024-12,10,MICROSTRATEGY INC CL A,MSTR.US,1291566303,-59571967,289.62,334.79,15.596298598163116,2.6856401856401924,12.910658412522924
2024-12,9,BROADCOM INC EXOF 005644980 SG9999014823,AVGO.US,1057310002,344771329,231.84,221.27,-4.559178743961345,2.6856401856401924,-7.2448189296015375
2024-12,20,ALPHABET INC CL A,GOOGL.US,580928244,103449725,189.3,204.02,7.776016904384564,2.6856401856401924,5.090376718744372
2024-12,29,APPLE INC,AAPL.US,566893081,-72430738,250.42,236.0,-5.758326012299331,2.6856401856401924,-8.443966197939524
2024-12,25,DWAVE QUANTUM INC COM USD0.0001 MRGR 009473716 US23344P1012,QBTS.US,542146628,13017183,8.4,5.94,-29.28571428571428,2.6856401856401924,-31.971354471354474
2024-12,30,NUSCALE POWER CORP CL A MRGR 009185329 KYG8377A1085,SMR.US,535220425,-40789274,17.93,23.84,32.96151701059677,2.6856401856401924,30.27587682495658
2024-12,27,QUANTUM COMPUTING INC,QUBT.US,527059949,4798830,16.55,10.38,-37.2809667673716,2.6856401856401924,-39.96660695301179
2024-12,23,SEALSQ CR WI ORD,LAES.US,512126610,95811705,6.15,3.18,-48.292682926829265,2.6856401856401924,-50.978323112469454
2024-12,45,MICROSOFT CORP,MSFT.US,435963808,-161517528,421.5,415.06,-1.5278766310794722,2.6856401856401924,-4.213516816719665
2024-12,32,SOUNDHOUND AI INC CL A,SOUN.US,391674985,8076765,19.84,14.15,-28.679435483870964,2.6856401856401924,-31.365075669511157
2024-12,37,SUPER MICRO COMPUTER INC,SMCI.US,324925458,-6275187,30.48,28.52,-6.430446194225725,2.6856401856401924,-9.116086379865918
2024-12,34,AMAZON.COM INC,AMZN.US,317238746,39541343,219.39,237.68,8.336751903003803,2.6856401856401924,5.6511117173636105
2024-12,41,COINBASE GLOBAL INC,COIN.US,316447540,-24611466,248.3,291.33,17.329842931937158,2.6856401856401924,14.644202746296966
2024-12,35,MARATHON DIGITAL HOLDINGS INC,MARA.US,314497921,16188829,16.77,18.34,9.36195587358377,2.6856401856401924,6.676315687943578
2024-12,38,JOBY AVIATION INC EXOF 008448244 KYG7483N1117,JOBY.US,292356848,7052914,8.13,8.26,1.59901599015988,2.6856401856401924,-1.0866241954803124
2024-12,50,ZETA GLOBAL HOLDINGS CORP CL A,ZETA.US,239218528,-19401925,17.99,18.35,2.001111728738203,2.6856401856401924,-0.6845284569019894
2024-12,46,META PLATFORMS INC CL A,META.US,232402183,26127099,585.51,689.18,17.705931581014834,2.6856401856401924,15.020291395374642
2024-12,49,REZOLVE AI LTD ORD GBP0.0001 MRGR 963738713 US04208V1035,RZLV.US,156669202,65468534,3.82,2.5,-34.55497382198952,2.6856401856401924,-37.240614007629716
2025-01,1,TESLA INC,TSLA.US,4842161650,576997480,404.6,292.98,-27.587740978744435,-1.2694825695390821,-26.318258409205352
2025-01,2,NVIDIA CORP,NVDA.US,3588307195,396586765,120.07,124.92,4.03931040226535,-1.2694825695390821,5.308792971804433
2025-01,5,RIGETTI COMPUTING INC MRGR 008989411 KYG8T86C1136,RGTI.US,2575812446,-38948324,13.17,8.46,-35.7630979498861,-1.2694825695390821,-34.49361538034702
2025-01,6,IONQ INC,IONQ.US,2283403197,-19462394,39.49,24.57,-37.78171689035199,-1.2694825695390821,-36.51223432081291
2025-01,10,PALANTIR TECHNOLOGIES INC CL A,PLTR.US,1221011811,65585247,82.49,84.92,2.9458116135289147,-1.2694825695390821,4.215294183067996
2025-01,13,SEALSQ CR WI ORD,LAES.US,910795685,42622447,3.18,2.88,-9.433962264150953,-1.2694825695390821,-8.16447969461187
2025-01,11,BROADCOM INC EXOF 005644980 SG9999014823,AVGO.US,907652496,182248481,221.27,199.43,-9.87029421069282,-1.2694825695390821,-8.600811641153738
2025-01,15,APPLE INC,AAPL.US,792264770,42269406,236.0,241.84,2.474576271186435,-1.2694825695390821,3.744058840725517
2025-01,16,MICROSTRATEGY INC CL A,MSTR.US,647703944,-16266557,334.79,255.43,-23.704411720780193,-1.2694825695390821,-22.43492915124111
2025-01,24,QUANTUM COMPUTING INC,QUBT.US,421013043,3631334,10.38,6.065,-41.570327552986505,-1.2694825695390821,-40.300844983447426
2025-01,26,NUSCALE POWER CORP CL A MRGR 009185329 KYG8377A1085,SMR.US,402299508,16905269,23.84,17.19,-27.89429530201342,-1.2694825695390821,-26.624812732474336
2025-01,23,TAIWAN SEMICONDUCTOR MANUFACTURING CO LTD ADR,TSM.US,389475125,73523987,209.32,180.53,-13.754060768201793,-1.2694825695390821,-12.48457819866271
2025-01,29,DWAVE QUANTUM INC COM USD0.0001 MRGR 009473716 US23344P1012,QBTS.US,389023272,4232551,5.94,5.48,-7.744107744107742,-1.2694825695390821,-6.47462517456866
2025-01,33,MICROSOFT CORP,MSFT.US,369872178,-44106730,415.06,396.99,-4.3535874331421915,-1.2694825695390821,-3.0841048636031094
2025-01,32,ALPHABET INC CL A,GOOGL.US,365130632,-14277812,204.02,170.28,-16.537594353494754,-1.2694825695390821,-15.268111783955671
2025-01,34,ALTC ACQUISITION CORP,OKLO.US,284484044,11546811,41.61,33.39,-19.754866618601298,-1.2694825695390821,-18.485384049062215
2025-01,40,AMAZON.COM INC,AMZN.US,257279765,-9447510,237.68,212.28,-10.686637495792661,-1.2694825695390821,-9.417154926253579
2025-01,37,META PLATFORMS INC CL A,META.US,250511547,10223912,689.18,668.2,-3.0441974520444504,-1.2694825695390821,-1.7747148825053682
2025-01,36,SOUNDHOUND AI INC CL A,SOUN.US,247850824,15533523,14.15,10.82,-23.533568904593636,-1.2694825695390821,-22.264086335054554
2025-01,35,SERVE ROBOTICS INC,SERV.US,204612875,59745908,16.59,9.01,-45.69017480409886,-1.2694825695390821,-44.42069223455978
2025-01,47,JOBY AVIATION INC EXOF 008448244 KYG7483N1117,JOBY.US,193915265,-7199632,8.26,7.0,-15.254237288135586,-1.2694825695390821,-13.984754718596504
2025-01,45,SES AI CORP MRGR 008889011 KYG4R87P1144,SES.US,193812964,6974937,1.18,0.663,-43.81355932203389,-1.2694825695390821,-42.54407675249481
2025-01,38,ORACLE CORP,ORCL.US,177956190,78244284,170.06,166.06,-2.352111019640124,-1.2694825695390821,-1.082628450101042
2025-01,48,FUBOTV INC,FUBO.US,176796714,9413843,4.04,3.03,-25.0,-1.2694825695390821,-23.730517430460917
2025-01,41,VISTRA CORP,VST.US,167714792,72439209,168.03,133.66,-20.454680711777662,-1.2694825695390821,-19.18519814223858
2025-02,1,TESLA INC,TSLA.US,4667394761,770452737,292.98,259.16,-11.543450064850836,-5.855128075667304,-5.688321989183532
2025-02,5,NVIDIA CORP,NVDA.US,2792803614,-297502745,124.92,108.38,-13.240473903298112,-5.855128075667304,-7.3853458276308075
2025-02,4,PALANTIR TECHNOLOGIES INC CL A,PLTR.US,2409440993,159869860,84.92,84.4,-0.612341026848795,-5.855128075667304,5.242787048818509
2025-02,8,RIGETTI COMPUTING INC MRGR 008989411 KYG8T86C1136,RGTI.US,1007377611,-27173169,8.46,7.92,-6.382978723404264,-5.855128075667304,-0.52785064773696
2025-02,11,IONQ INC,IONQ.US,786474079,56429902,24.57,22.07,-10.17501017501018,-5.855128075667304,-4.319882099342875
2025-02,9,Tempus AI Inc,TEM.US,737006490,176262607,56.18,48.24,-14.133143467426123,-5.855128075667304,-8.278015391758819
2025-02,15,ALPHABET INC CL A,GOOGL.US,518658899,111066411,170.28,154.64,-9.184871975569664,-5.855128075667304,-3.3297438999023594
2025-02,17,BROADCOM INC EXOF 005644980 SG9999014823,AVGO.US,514978649,-28594386,199.43,167.43,-16.04573033144462,-5.855128075667304,-10.190602255777316
2025-02,16,MICROSOFT CORP,MSFT.US,458052205,31705373,396.99,375.39,-5.440943096803452,-5.855128075667304,0.41418497886385186
2025-02,36,APPLE INC,AAPL.US,441700837,-143224344,241.84,222.13,-8.15001653986107,-5.855128075667304,-2.2948884641937664
2025-02,19,ALTC ACQUISITION CORP,OKLO.US,439723083,-3139828,33.39,21.63,-35.22012578616353,-5.855128075667304,-29.364997710496226
2025-02,21,AMAZON.COM INC,AMZN.US,418591110,-1282596,212.28,190.26,-10.373092142453366,-5.855128075667304,-4.517964066786062
2025-02,20,SUPER MICRO COMPUTER INC,SMCI.US,392203691,25999024,41.46,34.24,-17.41437530149541,-5.855128075667304,-11.559247225828107
2025-02,25,NUSCALE POWER CORP CL A MRGR 009185329 KYG8377A1085,SMR.US,388511290,1331191,17.19,14.16,-17.62652705061083,-5.855128075667304,-11.771398974943525
2025-02,24,META PLATFORMS INC CL A,META.US,378591852,29497038,668.2,576.36,-13.744387907812039,-5.855128075667304,-7.8892598321447345
2025-02,30,MICROSTRATEGY INC CL A,MSTR.US,367759807,-41854272,255.43,288.27,12.85675136045099,-5.855128075667304,18.711879436118295
2025-02,18,RECURSION PHARMACEUTICALS INC,RXRX.US,352470592,86494469,7.51,5.29,-29.560585885486013,-5.855128075667304,-23.70545780981871
2025-02,39,INTEL CORP,INTC.US,272764012,-17847210,23.73,22.71,-4.298356510745894,-5.855128075667304,1.5567715649214104
2025-02,40,APPLOVIN CORP,APP.US,249647015,-5985201,325.74,264.97,-18.65598329956406,-5.855128075667304,-12.800855223896756
2025-02,38,ALIBABA GROUP HOLDING LTD ADR,BABA.US,213617780,47139217,132.51,132.23,-0.21130480718436484,-5.855128075667304,5.643823268482939
2025-02,45,HIMS N HERS HEALTH INC CL A EXOF 007853532 KYG671451212,HIMS.US,173966944,23403910,45.09,29.55,-34.46440452428477,-5.855128075667304,-28.609276448617464
2025-02,50,VISTRA CORP,VST.US,167995479,3460213,133.66,117.44,-12.135268591949721,-5.855128075667304,-6.280140516282417
2025-02,46,ADVANCED MICRO DEVICES INC,AMD.US,167978200,24635174,99.86,102.74,2.884037652713789,-5.855128075667304,8.739165728381092
2025-03,1,TESLA INC,TSLA.US,4396781941,1012514167,259.16,282.16,8.874826362092914,-0.8670158565580399,9.741842218650955
2025-03,4,NVIDIA CORP,NVDA.US,2317993352,215000760,108.38,108.92,0.49824690902380286,-0.8670158565580399,1.3652627655818428
2025-03,6,PALANTIR TECHNOLOGIES INC CL A,PLTR.US,1484008861,202866183,84.4,118.44,40.331753554502356,-0.8670158565580399,41.1987694110604
2025-03,9,IONQ INC,IONQ.US,678356453,158548020,22.07,27.46,24.42229270502945,-0.8670158565580399,25.28930856158749
2025-03,15,MICROSTRATEGY INC CL A,MSTR.US,412604796,13830991,288.27,380.11,31.859021056648285,-0.8670158565580399,32.72603691320632
2025-03,18,BROADCOM INC EXOF 005644980 SG9999014823,AVGO.US,383282708,-23859699,167.43,192.47,14.955503792629754,-0.8670158565580399,15.822519649187793
2025-03,19,RIGETTI COMPUTING INC MRGR 008989411 KYG8T86C1136,RGTI.US,338116968,-16643705,7.92,8.87,11.99494949494948,-0.8670158565580399,12.861965351507521
2025-03,23,APPLE INC,AAPL.US,318633338,-9556667,222.13,212.5,-4.335299149146898,-0.8670158565580399,-3.4682832925888585
2025-03,24,META PLATFORMS INC CL A,META.US,284619390,21568486,576.36,549.0,-4.747033104309805,-0.8670158565580399,-3.8800172477517654
2025-03,21,Tempus AI Inc,TEM.US,281181294,38420563,48.24,51.67,7.110281923714767,-0.8670158565580399,7.977297780272807
2025-03,28,DWAVE QUANTUM INC COM USD0.0001 MRGR 009473716 US23344P1012,QBTS.US,244875151,-4209236,7.6,6.91,-9.078947368421042,-0.8670158565580399,-8.211931511863003
2025-03,31,ALPHABET INC CL A,GOOGL.US,226061794,9162368,154.64,158.8,2.690118986032086,-0.8670158565580399,3.557134842590126
2025-03,20,XIAOMI CORP,XIACF.US,223582686,96930473,6.33,6.4,1.1058451816745807,-0.8670158565580399,1.9728610382326206
2025-03,39,AMAZON.COM INC,AMZN.US,197644351,-4034283,190.26,184.42,-3.0694838641858513,-0.8670158565580399,-2.2024680076278114
2025-03,46,ALIBABA GROUP HOLDING LTD ADR,BABA.US,167891060,-251990,132.23,119.43,-9.680102851092776,-0.8670158565580399,-8.813086994534736
2025-03,43,ALIBABA GROUP HOLDING LTD,BABAF.US,165173255,19699033,16.577,14.88,-10.237075466007129,-0.8670158565580399,-9.37005960944909
2025-03,38,ALTC ACQUISITION CORP,OKLO.US,162831214,31286444,21.63,23.74,9.754969949144709,-0.8670158565580399,10.62198580570275
2025-03,33,BYD CO LTD-H,BYDDF.US,147411402,75117873,50.9,47.555,-6.571709233791745,-0.8670158565580399,-5.704693377233705
2025-03,49,APPLOVIN CORP,APP.US,134232540,20575271,264.97,269.31,1.6379212741064908,-0.8670158565580399,2.5049371306645307
2025-03,48,RECURSION PHARMACEUTICALS INC,RXRX.US,130569388,28227130,5.29,5.59,5.6710775047258855,-0.8670158565580399,6.538093361283925
2025-04,2,TESLA INC,TSLA.US,3894643889,469736736,282.16,346.46,22.78848880068045,6.284488044144698,16.504000756535753
2025-04,5,NVIDIA CORP,NVDA.US,2236438806,238121494,108.92,135.13,24.06353286816012,6.284488044144698,17.779044824015422
2025-04,6,PALANTIR TECHNOLOGIES INC CL A,PLTR.US,1385971481,91533005,118.44,131.78,11.263086795001698,6.284488044144698,4.9785987508569995
2025-04,13,APPLE INC,AAPL.US,577282753,111948143,212.5,200.85,-5.4823529411764715,6.284488044144698,-11.76684098532117
2025-04,15,IONQ INC,IONQ.US,561316504,10888981,27.46,40.34,46.90458849235253,6.284488044144698,40.620100448207836
2025-04,23,MICROSTRATEGY INC CL A,MSTR.US,334225826,-12159341,380.11,369.06,-2.907053221435907,6.284488044144698,-9.191541265580605
2025-04,27,BROADCOM INC EXOF 005644980 SG9999014823,AVGO.US,321387450,-31782136,192.47,242.07,25.770249909076725,6.284488044144698,19.485761864932027
2025-04,25,XIAOMI CORP,XIACF.US,264785587,41685656,6.4,6.45,0.78125,6.284488044144698,-5.503238044144698
2025-04,28,META PLATFORMS INC CL A,META.US,256190049,28993143,549.0,647.49,17.93989071038251,6.284488044144698,11.655402666237812
2025-04,32,AMAZON.COM INC,AMZN.US,240404108,19825257,184.42,205.01,11.164732675414824,6.284488044144698,4.880244631270125
2025-04,30,ALPHABET INC CL A,GOOGL.US,232596141,40452382,158.8,171.74,8.14861460957179,6.284488044144698,1.8641265654270924
2025-04,36,MICROSOFT CORP,MSFT.US,202300772,-17407424,395.26,460.36,16.470171532662057,6.284488044144698,10.185683488517359
2025-04,34,Tempus AI Inc,TEM.US,184675943,26461771,51.67,55.18,6.7931101219276036,6.284488044144698,0.5086220777829054
2025-04,39,INTEL CORP,INTC.US,146216852,25220904,20.1,19.55,-2.736318407960203,6.284488044144698,-9.020806452104901
2025-04,40,NIKE INC CL B,NKE.US,119262600,39758785,56.4,60.59,7.429078014184398,6.284488044144698,1.1445899700397
2025-04,45,MICRON TECHNOLOGY INC,MU.US,113037033,28618048,76.95,94.46,22.75503573749187,6.284488044144698,16.47054769334717
2025-04,49,APPLOVIN CORP,APP.US,107813612,17651030,269.31,393.0,45.92848390330846,6.284488044144698,39.643995859163766
2025-05,1,TESLA INC,TSLA.US,4202515278,-250729692,346.46,317.66,-8.312647924724336,4.828721220244669,-13.141369144969005
2025-05,4,NVIDIA CORP,NVDA.US,2100276802,-593992028,135.13,157.99,16.917042847628228,4.828721220244669,12.088321627383557
2025-05,5,PALANTIR TECHNOLOGIES INC CL A,PLTR.US,1650302917,-203063386,131.78,136.32,3.4451358324480097,4.828721220244669,-1.3835853877966597
2025-05,17,IONQ INC,IONQ.US,947183930,-340196426,40.34,42.97,6.519583539910756,4.828721220244669,1.6908623196660866
2025-05,9,UNITEDHEALTH GROUP INC,UNH.US,765361748,347985448,301.91,311.97,3.332118843363907,4.828721220244669,-1.4966023768807624
2025-05,13,APPLE INC,AAPL.US,523263351,152918170,200.85,205.17,2.150858849887971,4.828721220244669,-2.6778623703566984
2025-05,15,ALPHABET INC CL A,GOOGL.US,504046043,125060650,171.74,176.23,2.614417142191683,4.828721220244669,-2.2143040780529866
2025-05,21,DWAVE QUANTUM INC COM USD0.0001 MRGR 009473716 US23344P1012,QBTS.US,461546703,-2618619,16.33,14.64,-10.349050826699314,4.828721220244669,-15.177772046943982
2025-05,37,MICROSOFT CORP,MSFT.US,424268488,-196238253,460.36,497.41,8.048049352680508,4.828721220244669,3.2193281324358383
2025-05,19,Tempus AI Inc,TEM.US,416194928,66890721,55.18,63.54,15.150416817687562,4.828721220244669,10.321695597442893
2025-05,27,RIGETTI COMPUTING INC MRGR 008989411 KYG8T86C1136,RGTI.US,413391662,-84011413,12.11,11.86,-2.064409578860449,4.828721220244669,-6.893130799105118
2025-05,25,MICROSTRATEGY INC CL A,MSTR.US,385801146,-15801835,369.06,404.23,9.529615780631872,4.828721220244669,4.700894560387202
2025-05,28,ALTC ACQUISITION CORP,OKLO.US,344537159,-17571634,52.72,55.99,6.202579666160846,4.828721220244669,1.3738584459161762
2025-05,43,BROADCOM INC EXOF 005644980 SG9999014823,AVGO.US,335551561,-127257420,242.07,275.65,13.872020489940917,4.828721220244669,9.043299269696249
2025-05,42,NUSCALE POWER CORP CL A MRGR 009185329 KYG8377A1085,SMR.US,283855227,-75219810,31.99,39.56,23.663644889027836,4.828721220244669,18.834923668783166
2025-05,33,META PLATFORMS INC CL A,META.US,249539509,-3522790,647.49,738.09,13.99249409257286,4.828721220244669,9.163772872328192
2025-05,41,AMAZON.COM INC,AMZN.US,242700146,-22665064,205.01,219.39,7.014291985756782,4.828721220244669,2.1855707655121126
2025-05,35,ELI LILLY & CO,LLY.US,211186550,23394854,737.67,779.53,5.674624154432206,4.828721220244669,0.8459029341875368
2025-05,39,COINBASE GLOBAL INC,COIN.US,189568051,36456299,246.62,350.49,42.117427621441905,4.828721220244669,37.28870640119724
2025-05,45,BYD CO LTD-H,BYDDF.US,175935744,16598083,49.55,15.6,-68.51664984863774,4.828721220244669,-73.34537106888241
2025-05,48,HIMS N HERS HEALTH INC CL A EXOF 007853532 KYG671451212,HIMS.US,158549641,5876555,56.56,49.85,-11.86350777934937,4.828721220244669,-16.69222899959404
2025-05,49,APPLOVIN CORP,APP.US,125715878,31611984,393.0,350.08,-10.921119592875318,4.828721220244669,-15.749840813119988
2025-06,2,TESLA INC,TSLA.US,5315316846,-247566623,317.66,308.27,-2.9559906818611204,2.3031480132718274,-5.259138695132948
2025-06,6,NVIDIA CORP,NVDA.US,2326096754,-528385861,157.99,177.87,12.583074878156841,2.3031480132718274,10.279926864885013
2025-06,5,Circle Internet,CRCL.US,2096905385,603979584,181.29,183.52,1.2300733631198657,2.3031480132718274,-1.0730746501519617
2025-06,8,PALANTIR TECHNOLOGIES INC CL A,PLTR.US,1271924996,-71855095,136.32,158.35,16.160504694835677,2.3031480132718274,13.85735668156385
2025-06,9,IONQ INC,IONQ.US,938123944,-126855904,42.97,39.87,-7.214335582964859,2.3031480132718274,-9.517483596236687
2025-06,14,ALTC ACQUISITION CORP,OKLO.US,527464002,25122057,55.99,76.59,36.79228433648867,2.3031480132718274,34.48913632321684
2025-06,10,COINBASE GLOBAL INC,COIN.US,504952242,150752023,350.49,377.76,7.780535821278778,2.3031480132718274,5.4773878080069505
2025-06,13,APPLE INC,AAPL.US,480852312,90180391,205.17,207.57,1.1697616610615524,2.3031480132718274,-1.133386352210275
2025-06,18,NUSCALE POWER CORP CL A MRGR 009185329 KYG8377A1085,SMR.US,474441631,32861317,39.56,50.21,26.921132457027298,2.3031480132718274,24.61798444375547
2025-06,22,BROADCOM INC EXOF 005644980 SG9999014823,AVGO.US,466577499,-65167419,275.65,293.7,6.54815889715219,2.3031480132718274,4.245010883880362
2025-06,16,ALPHABET INC CL A,GOOGL.US,441753644,103002599,176.23,191.9,8.891789139193108,2.3031480132718274,6.5886411259212805
2025-06,21,ADVANCED MICRO DEVICES INC,AMD.US,366295129,85056524,141.9,176.31,24.249471458773787,2.3031480132718274,21.94632344550196
2025-06,28,Tempus AI Inc,TEM.US,336821317,-73665779,63.54,56.59,-10.937991816178783,2.3031480132718274,-13.24113982945061
2025-06,27,UNITEDHEALTH GROUP INC,UNH.US,287487837,-23362137,311.97,249.56,-20.00512869827228,2.3031480132718274,-22.308276711544107
2025-06,26,RIGETTI COMPUTING INC MRGR 008989411 KYG8T86C1136,RGTI.US,271371839,42732066,11.86,14.5,22.259696458684665,2.3031480132718274,19.95654844541284
2025-06,34,QUANTUM COMPUTING INC,QUBT.US,246014175,-18202813,19.17,14.84,-22.587376108502877,2.3031480132718274,-24.890524121774703
2025-06,30,DWAVE QUANTUM INC COM USD0.0001 MRGR 009473716 US23344P1012,QBTS.US,239563689,15792812,14.64,17.19,17.418032786885252,2.3031480132718274,15.114884773613426
2025-06,43,MICROSTRATEGY INC CL A,MSTR.US,231488620,-33356498,404.23,401.86,-0.5862998787818818,2.3031480132718274,-2.889447892053709
2025-06,37,ROCKET LAB CORPORATION COM USD0.0001 MRGR 978814817 US7731221062,RKLB.US,216025729,238966,35.77,45.92,28.375733855185903,2.3031480132718274,26.072585841914076
2025-06,36,CoreWeave Inc,CRWV.US,206529204,10737592,163.06,114.13,-30.007359254262234,2.3031480132718274,-32.310507267534064
2025-06,38,META PLATFORMS INC CL A,META.US,199386423,14583511,738.09,773.44,4.789388827920726,2.3031480132718274,2.486240814648899
2025-06,40,MICRON TECHNOLOGY INC,MU.US,176455611,30096487,123.25,109.14,-11.448275862068968,2.3031480132718274,-13.751423875340794
2025-06,49,INNODATA CORP,INOD.US,146249003,18132778,51.22,54.9,7.184693479109727,2.3031480132718274,4.8815454658379
2025-06,46,ROBINHOOD MARKETS INC,HOOD.US,132602408,39038724,93.63,103.05,10.060877923742396,2.3031480132718274,7.757729910470569
2025-07,2,TESLA INC,TSLA.US,3554004527,-615377966,308.27,333.87,8.304408473091772,2.0519554486773783,6.252453024414394
2025-07,5,Circle Internet,CRCL.US,1446966635,67695446,183.52,131.98,-28.0841325196164,2.0519554486773783,-30.13608796829378
2025-07,6,NVIDIA CORP,NVDA.US,1365192981,31362349,177.87,174.18,-2.074548827795575,2.0519554486773783,-4.126504276472954
2025-07,7,PALANTIR TECHNOLOGIES INC CL A,PLTR.US,999149301,41355384,158.35,156.71,-1.0356804546889697,2.0519554486773783,-3.087635903366348
2025-07,11,IONQ INC,IONQ.US,617362948,19128280,39.87,42.74,7.198394783044915,2.0519554486773783,5.146439334367536
2025-07,10,COINBASE GLOBAL INC,COIN.US,554510272,92525556,377.76,304.54,-19.382676831850898,2.0519554486773783,-21.434632280528277
2025-07,29,APPLE INC,AAPL.US,468351520,-167173783,207.57,232.14,11.836970660500068,2.0519554486773783,9.785015211822689
2025-07,26,ALPHABET INC CL A,GOOGL.US,412599624,-103751410,191.9,212.91,10.948410630536731,2.0519554486773783,8.896455181859352
2025-07,8,BITMINE IMMERSION TECHNOLOGI,BMNR.US,412567171,241651530,34.64,43.62,25.923787528868345,2.0519554486773783,23.871832080190966
2025-07,18,ADVANCED MICRO DEVICES INC,AMD.US,401174199,-19454159,176.31,162.63,-7.759060745278212,2.0519554486773783,-9.811016193955592
2025-07,14,SHARPLINK GAMING INC COM USD0.0001(POST REV SPLIT) SPLR 967265761 US8200141088,SBET.US,399300134,102692520,18.81,17.82,-5.263157894736836,2.0519554486773783,-7.315113343414215
2025-07,16,ROBINHOOD MARKETS INC,HOOD.US,381796842,105728593,103.05,104.03,0.9509946627850541,2.0519554486773783,-1.1009607858923243
2025-07,32,ALTC ACQUISITION CORP,OKLO.US,359569873,-61928834,76.59,73.64,-3.851677764721251,2.0519554486773783,-5.90363321339863
2025-07,27,NUSCALE POWER CORP CL A MRGR 009185329 KYG8377A1085,SMR.US,351340805,-47351411,50.21,34.65,-30.98984266082454,2.0519554486773783,-33.04179810950192
2025-07,41,JOBY AVIATION INC EXOF 008448244 KYG7483N1117,JOBY.US,331459356,-89291237,16.66,14.15,-15.066026410564227,2.0519554486773783,-17.117981859241606
2025-07,20,META PLATFORMS INC CL A,META.US,299024905,57217376,773.44,738.7,-4.491621845262728,2.0519554486773783,-6.543577293940106
2025-07,34,MICROSTRATEGY INC CL A,MSTR.US,264562042,24863495,401.86,334.41,-16.784452296819786,2.0519554486773783,-18.836407745497166
2025-07,24,Tempus AI Inc,TEM.US,259373959,62310529,56.59,75.86,34.05195264180949,2.0519554486773783,31.999997193132113
2025-07,21,UNITEDHEALTH GROUP INC,UNH.US,252403603,88459568,249.56,309.87,24.16653309825292,2.0519554486773783,22.11457764957554
2025-07,43,BROADCOM INC EXOF 005644980 SG9999014823,AVGO.US,244040445,-18002657,293.7,297.39,1.2563840653728287,2.0519554486773783,-0.7955713833045497
2025-07,44,MICROSOFT CORP,MSFT.US,209671503,6526609,533.5,506.69,-5.025304592314905,2.0519554486773783,-7.077260040992283
2025-07,45,ROCKET LAB CORPORATION COM USD0.0001 MRGR 978814817 US7731221062,RKLB.US,197596502,15001861,45.92,48.6,5.836236933797911,2.0519554486773783,3.784281485120533
2025-07,46,TAIWAN SEMICONDUCTOR MANUFACTURING CO LTD ADR,TSM.US,175443661,35624712,241.62,230.87,-4.449135005380345,2.0519554486773783,-6.5010904540577235
2025-07,48,IRIS ENERGY LTD,IREN.US,152392390,47911138,16.11,26.48,64.3699565487275,2.0519554486773783,62.318001100050125
2025-07,49,GE Vernova,GEV.US,145069290,44911877,660.29,612.97,-7.166548031925357,2.0519554486773783,-9.218503480602735
2025-08,6,TESLA INC,TSLA.US,1864763971,-656796577,333.87,444.72,33.20154551172614,3.2757150608480057,29.92583045087813
2025-08,4,PALANTIR TECHNOLOGIES INC CL A,PLTR.US,1420830433,107737455,156.71,182.42,16.406100440303728,3.2757150608480057,13.130385379455722
2025-08,3,NVIDIA CORP,NVDA.US,1358560086,176094334,174.18,186.58,7.119072224135947,3.2757150608480057,3.8433571632879415
2025-08,7,BITMINE IMMERSION TECHNOLOGI,BMNR.US,847797886,252772561,43.62,51.93,19.05089408528198,3.2757150608480057,15.775179024433973
2025-08,13,IONQ INC,IONQ.US,594026868,49022536,42.74,61.5,43.893308376228354,3.2757150608480057,40.61759331538035
2025-08,10,UNITEDHEALTH GROUP INC,UNH.US,539660899,315718101,309.87,345.3,11.433827088779157,3.2757150608480057,8.158112027931152
2025-08,41,APPLE INC,AAPL.US,462284247,-227633153,232.14,254.63,9.688119238390636,3.2757150608480057,6.41240417754263
2025-08,15,Circle Internet,CRCL.US,452053447,92617124,131.98,132.58,0.45461433550539887,3.2757150608480057,-2.821100725342607
2025-08,21,ADVANCED MICRO DEVICES INC,AMD.US,423797065,-8654339,162.63,161.79,-0.5165098690278591,3.2757150608480057,-3.792224929875865
2025-08,37,ALPHABET INC CL A,GOOGL.US,356807253,-108397384,212.91,243.1,14.179700342867886,3.2757150608480057,10.90398528201988
2025-08,29,JOBY AVIATION INC EXOF 008448244 KYG7483N1117,JOBY.US,350181126,-18964444,14.15,16.14,14.063604240282679,3.2757150608480057,10.787889179434673
2025-08,27,META PLATFORMS INC CL A,META.US,344295929,20001427,738.7,734.38,-0.5848111547312906,3.2757150608480057,-3.8605262155792963
2025-08,20,NUSCALE POWER CORP CL A MRGR 009185329 KYG8377A1085,SMR.US,343334228,148874404,34.65,36.0,3.8961038961039085,3.2757150608480057,0.6203888352559028
2025-08,19,FIGMA INC,FIG.US,338047126,175222737,70.28,51.87,-26.195219123505986,3.2757150608480057,-29.470934184353993
2025-08,22,COINBASE GLOBAL INC,COIN.US,327143092,85829193,304.54,337.49,10.819596768897345,3.2757150608480057,7.543881708049339
2025-08,33,AMAZON.COM INC,AMZN.US,303118087,-26161556,229.0,219.57,-4.117903930131006,3.2757150608480057,-7.393618990979012
2025-08,28,MICROSOFT CORP,MSFT.US,302915883,40001032,506.69,517.95,2.222266079851587,3.2757150608480057,-1.0534489809964187
2025-08,26,ELI LILLY & CO,LLY.US,260858629,104824290,732.58,763.0,4.1524475142646455,3.2757150608480057,0.8767324534166399
2025-08,31,SHARPLINK GAMING INC COM USD0.0001(POST REV SPLIT) SPLR 967265761 US8200141088,SBET.US,249381950,41464807,17.82,17.01,-4.545454545454541,3.2757150608480057,-7.821169606302547
2025-08,40,ROBINHOOD MARKETS INC,HOOD.US,245542568,-5994928,104.03,143.18,37.63337498798425,3.2757150608480057,34.35765992713624
2025-08,48,BROADCOM INC EXOF 005644980 SG9999014823,AVGO.US,228464280,-29330249,297.39,329.91,10.93513568041966,3.2757150608480057,7.659420619571655
2025-08,44,OPENDOOR TECHNOLOGIES INC,OPEN.US,225300527,-4257578,4.45,7.97,79.10112359550561,3.2757150608480057,75.82540853465761
2025-08,42,ALTC ACQUISITION CORP,OKLO.US,217408004,16124571,73.64,111.63,51.58881042911461,3.2757150608480057,48.3130953682666
2025-08,46,INTEL CORP,INTC.US,210357300,1549671,24.35,33.55,37.782340862422984,3.2757150608480057,34.50662580157498
2025-08,34,NOVO NORDISK A/S ADR,NVO.US,201651151,57537024,56.46,55.49,-1.7180304640453392,3.2757150608480057,-4.993745524893345
2025-09,3,TESLA INC,TSLA.US,2807389584,-502047611,444.72,456.56,2.6623493434070777,2.38374013029512,0.27860921311195774
2025-09,6,NVIDIA CORP,NVDA.US,1684969879,150387483,186.58,202.49,8.527173330474858,2.38374013029512,6.143433200179738
2025-09,10,PALANTIR TECHNOLOGIES INC CL A,PLTR.US,864122641,108575449,182.42,200.47,9.894748382852757,2.38374013029512,7.511008252557637
2025-09,18,IONQ INC,IONQ.US,792719673,-270035160,61.5,62.38,1.430894308943098,2.38374013029512,-0.9528458213520219
2025-09,9,BITMINE IMMERSION TECHNOLOGI,BMNR.US,687511253,308500430,51.93,46.65,-10.16753321779319,2.38374013029512,-12.55127334808831
2025-09,12,ORACLE CORP,ORCL.US,518894832,226928876,281.24,262.61,-6.624235528374345,2.38374013029512,-9.007975658669466
2025-09,11,IRIS ENERGY LTD,IREN.US,504279810,260841033,46.93,60.75,29.44811421265714,2.38374013029512,27.06437408236202
2025-09,17,NUSCALE POWER CORP CL A MRGR 009185329 KYG8377A1085,SMR.US,504178350,39141986,36.0,44.87,24.63888888888888,2.38374013029512,22.25514875859376
2025-09,23,OPENDOOR TECHNOLOGIES INC,OPEN.US,443559571,4203048,7.97,7.77,-2.509410288582181,2.38374013029512,-4.893150418877301
2025-09,15,UNITEDHEALTH GROUP INC,UNH.US,434534805,143221903,345.3,341.56,-1.0831161309006632,2.38374013029512,-3.466856261195783
2025-09,20,ALPHABET INC CL A,GOOGL.US,427350943,88747905,243.1,281.19,15.668449197860967,2.38374013029512,13.284709067565847
2025-09,35,APPLE INC,AAPL.US,423486579,-116775948,254.63,270.37,6.181518281427967,2.38374013029512,3.797778151132847
2025-09,19,BROADCOM INC EXOF 005644980 SG9999014823,AVGO.US,414674979,104245866,329.91,369.63,12.039647176502676,2.38374013029512,9.655907046207556
2025-09,21,Circle Internet,CRCL.US,387791273,118392398,132.58,126.98,-4.223864836325242,2.38374013029512,-6.607604966620362
2025-09,32,RIGETTI COMPUTING INC MRGR 008989411 KYG8T86C1136,RGTI.US,377882340,-56534350,29.79,44.27,48.60691507217187,2.38374013029512,46.22317494187675
2025-09,22,MICROSOFT CORP,MSFT.US,331769515,141371404,517.95,517.81,-0.02702963606527886,2.38374013029512,-2.410769766360399
2025-09,24,CoreWeave Inc,CRWV.US,305654402,119592942,136.85,133.71,-2.294483010595527,2.38374013029512,-4.678223140890648
2025-09,41,ALTC ACQUISITION CORP,OKLO.US,290700741,-59402894,111.63,132.77,18.93756158738691,2.38374013029512,16.55382145709179
2025-09,25,AMAZON.COM INC,AMZN.US,286065164,109761316,219.57,244.22,11.226488135901992,2.38374013029512,8.842748005606872
2025-09,29,ROCKET LAB CORPORATION COM USD0.0001 MRGR 978814817 US7731221062,RKLB.US,279122942,73643428,47.91,62.98,31.454811104153624,2.38374013029512,29.071070973858504
2025-09,44,ADVANCED MICRO DEVICES INC,AMD.US,259409700,-44481340,161.79,256.12,58.30397428765686,2.38374013029512,55.92023415736173
2025-09,39,INTEL CORP,INTC.US,256444285,17063064,33.55,39.99,19.195230998509704,2.38374013029512,16.811490868214584
2025-09,31,JOBY AVIATION INC EXOF 008448244 KYG7483N1117,JOBY.US,239020271,85461805,16.14,17.34,7.434944237918217,2.38374013029512,5.051204107623097
2025-09,28,SYNOPSYS INC,SNPS.US,234755533,124229010,493.39,453.82,-8.020024726889474,2.38374013029512,-10.403764857184594
2025-09,38,ROBINHOOD MARKETS INC,HOOD.US,229082272,51983943,143.18,146.78,2.514317642128794,2.38374013029512,0.13057751183367383
2025-10,5,TESLA INC,TSLA.US,2870274080,75479257,456.56,430.17,-5.780182232346243,0.19499750755065381,-5.975179739896896
2025-10,6,NVIDIA CORP,NVDA.US,2207283782,524944298,202.49,177.0,-12.588275964245154,0.19499750755065381,-12.783273471795809
2025-10,7,IONQ INC,IONQ.US,1430206739,589479214,62.38,49.3,-20.968259057390192,0.19499750755065381,-21.163256564940845
2025-10,9,IRIS ENERGY LTD,IREN.US,1189472661,362315250,60.75,47.81,-21.300411522633745,0.19499750755065381,-21.495409030184398
2025-10,11,RIGETTI COMPUTING INC MRGR 008989411 KYG8T86C1136,RGTI.US,1145715886,37915289,44.27,25.57,-42.24079512084934,0.19499750755065381,-42.435792628399994
2025-10,13,PALANTIR TECHNOLOGIES INC CL A,PLTR.US,954522114,48651342,200.47,168.45,-15.972464707936352,0.19499750755065381,-16.167462215487006
2025-10,10,BITMINE IMMERSION TECHNOLOGI,BMNR.US,939641271,266182124,46.65,33.12,-29.003215434083607,0.19499750755065381,-29.19821294163426
2025-10,15,NUSCALE POWER CORP CL A MRGR 009185329 KYG8377A1085,SMR.US,935733236,-60133019,44.87,20.0,-55.42678850011142,0.19499750755065381,-55.621786007662074
2025-10,16,ADVANCED MICRO DEVICES INC,AMD.US,756065240,79876311,256.12,217.53,-15.067156020615336,0.19499750755065381,-15.262153528165989
2025-10,20,ALTC ACQUISITION CORP,OKLO.US,579883414,96051931,132.77,91.38,-31.174211041650977,0.19499750755065381,-31.36920854920163
2025-10,17,META PLATFORMS INC CL A,META.US,535070361,274450705,648.35,647.95,-0.06169507210611602,0.19499750755065381,-0.25669257965676984
2025-10,19,ALPHABET INC CL A,GOOGL.US,501270411,184153656,281.19,320.18,13.866069205875032,0.19499750755065381,13.67107169832438
2025-10,50,APPLE INC,AAPL.US,486774060,-165745762,270.37,278.85,3.1364426526611755,0.19499750755065381,2.9414451451105217
2025-10,22,ORACLE CORP,ORCL.US,455776361,184401565,262.61,201.95,-23.09889189292107,0.19499750755065381,-23.293889400471723
2025-10,27,SEALSQ CR WI ORD,LAES.US,441479443,63706019,7.42,4.47,-39.75741239892183,0.19499750755065381,-39.95240990647248
2025-10,26,BROADCOM INC EXOF 005644980 SG9999014823,AVGO.US,419681162,103829209,369.63,402.96,9.017125233341439,0.19499750755065381,8.822127725790786
2025-10,36,CoreWeave Inc,CRWV.US,407213277,-3525568,133.71,73.12,-45.314486575424425,0.19499750755065381,-45.50948408297508
2025-10,42,UNITEDHEALTH GROUP INC,UNH.US,405060981,-37985599,341.56,329.77,-3.4518093453566046,0.19499750755065381,-3.6468068529072584
2025-10,44,Circle Internet,CRCL.US,367396392,-994359,126.98,79.93,-37.05307922507481,0.19499750755065381,-37.248076732625464
2025-10,38,DWAVE QUANTUM INC COM USD0.0001 MRGR 009473716 US23344P1012,QBTS.US,366541427,17133944,37.06,22.67,-38.82892606583918,0.19499750755065381,-39.02392357338983
2025-10,28,MICRON TECHNOLOGY INC,MU.US,355519082,137002362,223.77,236.48,5.679939223309649,0.19499750755065381,5.484941715758995
2025-10,34,AMAZON.COM INC,AMZN.US,328232911,98067778,244.22,233.22,-4.5041356154287175,0.19499750755065381,-4.699133122979371
2025-10,41,MICROSOFT CORP,MSFT.US,324635340,46658177,517.81,492.01,-4.982522546880119,0.19499750755065381,-5.177520054430773
2025-10,47,MP MATERIALS CORP CL A MRGR 007721683 US34962V1061,MP.US,321802709,29676933,63.09,61.95,-1.806942463147887,0.19499750755065381,-2.001939970698541
2025-10,37,ROBINHOOD MARKETS INC,HOOD.US,306078703,88904497,146.78,128.49,-12.460825725575686,0.19499750755065381,-12.655823233126341
2025-11,2,NVIDIA CORP,NVDA.US,2401109448,712522159,177.0,186.5,5.36723163841808,-0.2151041133174325,5.582335751735512
2025-11,4,TESLA INC,TSLA.US,2188996945,67507562,430.17,449.72,4.544714880163658,-0.2151041133174325,4.75981899348109
2025-11,3,ALPHABET INC CL A,GOOGL.US,1561949865,1005564087,320.18,313.0,-2.2424886001624067,-0.2151041133174325,-2.027384486844974
2025-11,8,PALANTIR TECHNOLOGIES INC CL A,PLTR.US,1182593313,269451652,168.45,177.75,5.520926090828149,-0.2151041133174325,5.736030204145582
2025-11,7,META PLATFORMS INC CL A,META.US,1047872909,550781723,647.95,660.09,1.8736013581294841,-0.2151041133174325,2.0887054714469167
2025-11,12,IRIS ENERGY LTD,IREN.US,753117812,154187870,47.81,37.77,-20.999790838736665,-0.2151041133174325,-20.78468672541923
2025-11,9,IONQ INC,IONQ.US,704632438,321004551,49.3,44.87,-8.985801217038535,-0.2151041133174325,-8.770697103721103
2025-11,30,MICROSOFT CORP,MSFT.US,506338265,-145405411,492.01,483.62,-1.7052498932948468,-0.2151041133174325,-1.4901457799774143
2025-11,14,BITMINE IMMERSION TECHNOLOGI,BMNR.US,503579369,192492986,33.12,27.15,-18.02536231884058,-0.2151041133174325,-17.810258205523144
2025-11,20,MICRON TECHNOLOGY INC,MU.US,460799316,-2715020,236.48,285.41,20.69096752368067,-0.2151041133174325,20.906071636998103
2025-11,19,SNDSK CRP ORD WI,SNDK.US,451588678,55527268,223.28,237.38,6.314940881404518,-0.2151041133174325,6.530044994721951
2025-11,28,ADVANCED MICRO DEVICES INC,AMD.US,399212348,-19876397,217.53,214.16,-1.5492116029972913,-0.2151041133174325,-1.3341074896798588
2025-11,24,BROADCOM INC EXOF 005644980 SG9999014823,AVGO.US,395637421,28399398,402.96,346.1,-14.110581695453629,-0.2151041133174325,-13.895477582136197
2025-11,36,AMAZON.COM INC,AMZN.US,377920602,-76194533,233.22,230.82,-1.0290712631849774,-0.2151041133174325,-0.8139671498675449
2025-11,22,NUSCALE POWER CORP CL A MRGR 009185329 KYG8377A1085,SMR.US,339133805,95612895,20.0,14.17,-29.15,-0.2151041133174325,-28.934895886682565
2025-11,34,BLOOM ENERGY CORP CL A,BE.US,314962039,-1858257,109.24,86.89,-20.459538630538265,-0.2151041133174325,-20.24443451722083
2025-11,27,Circle Internet,CRCL.US,294773773,91245903,79.93,79.3,-0.7881896659577281,-0.2151041133174325,-0.5730855526402956
2025-11,49,ORACLE CORP,ORCL.US,269524888,-66225704,201.95,194.91,-3.486011388957655,-0.2151041133174325,-3.2709072756402224
2025-11,41,ALTC ACQUISITION CORP,OKLO.US,256451256,762024,91.38,71.76,-21.47078135259356,-0.2151041133174325,-21.255677239276125
2025-11,31,ROCKET LAB CORPORATION COM USD0.0001 MRGR 978814817 US7731221062,RKLB.US,254285819,92881343,42.14,69.76,65.5434266729948,-0.2151041133174325,65.75853078631224
2025-11,44,RIGETTI COMPUTING INC MRGR 008989411 KYG8T86C1136,RGTI.US,247068554,-16379985,25.57,22.15,-13.3750488854126,-0.2151041133174325,-13.159944772095168
2025-11,50,ROBINHOOD MARKETS INC,HOOD.US,221946930,-19008830,128.49,113.1,-11.97758580434276,-0.2151041133174325,-11.762481691025329
2025-11,33,ALPHABET INC CL C CHAN 39527405649 US38259P7069,GOOG.US,218739344,118860369,320.12,313.8,-1.9742596526302614,-0.2151041133174325,-1.7591555393128289
2025-11,29,LUMENTUM HOLDINGS INC SOFF 39520207144 US46612J5074,LITE.US,215437833,147134524,325.16,368.59,13.356501414688138,-0.2151041133174325,13.57160552800557
2025-11,46,MICROSTRATEGY INC CL A,MSTR.US,213783770,-455043,177.18,151.95,-14.239756180155783,-0.2151041133174325,-14.024652066838351
2025-12,2,TESLA INC,TSLA.US,2597253938,-149173217,449.72,430.41,-4.293782798185541,1.4737799155326137,-5.767562713718155
2025-12,4,NVIDIA CORP,NVDA.US,1820349346,55613472,186.5,191.13,2.482573726541548,1.4737799155326137,1.0087938110089345
2025-12,3,ALPHABET INC CL A,GOOGL.US,1409413839,604539124,313.0,338.0,7.987220447284349,1.4737799155326137,6.513440531751735
2025-12,8,BROADCOM INC EXOF 005644980 SG9999014823,AVGO.US,731702836,223770995,346.1,331.3,-4.276220745449299,1.4737799155326137,-5.750000660981913
2025-12,21,PALANTIR TECHNOLOGIES INC CL A,PLTR.US,678220291,-168760146,177.75,146.59,-17.530239099859347,1.4737799155326137,-19.00401901539196
2025-12,12,IONQ INC,IONQ.US,619040329,76693366,44.87,39.98,-10.898150211722758,1.4737799155326137,-12.371930127255371
2025-12,16,IRIS ENERGY LTD,IREN.US,483660227,110826338,37.77,53.74,42.282234577707165,1.4737799155326137,40.808454662174555
2025-12,17,MICRON TECHNOLOGY INC,MU.US,435954122,131702767,285.41,414.88,45.36281139413474,1.4737799155326137,43.88903147860212
2025-12,18,ORACLE CORP,ORCL.US,433623089,131568498,194.91,164.58,-15.561028166846224,1.4737799155326137,-17.034808082378838
2025-12,20,BITMINE IMMERSION TECHNOLOGI,BMNR.US,423294482,87219981,27.15,25.1,-7.550644567219145,1.4737799155326137,-9.024424482751758
2025-12,40,META PLATFORMS INC CL A,META.US,416265778,-200887056,660.09,716.5,8.54580436001151,1.4737799155326137,7.072024444478897
2025-12,23,ROCKET LAB CORPORATION COM USD0.0001 MRGR 978814817 US7731221062,RKLB.US,403452936,18555542,69.76,80.07,14.779243119266038,1.4737799155326137,13.305463203733424
2025-12,25,NUSCALE POWER CORP CL A MRGR 009185329 KYG8377A1085,SMR.US,334873311,25942187,14.17,17.48,23.359209597741714,1.4737799155326137,21.8854296822091
2025-12,24,MICROSOFT CORP,MSFT.US,324474884,60092625,483.62,430.29,-11.027252801786524,1.4737799155326137,-12.501032717319138
2025-12,34,Circle Internet,CRCL.US,262820372,3733150,79.3,63.93,-19.382093316519544,1.4737799155326137,-20.855873232052158
2025-12,27,ALPHABET INC CL C CHAN 39527405649 US38259P7069,GOOG.US,232971113,84424599,313.8,338.53,7.880815806246,1.4737799155326137,6.407035890713386
2025-12,41,MICROSTRATEGY INC CL A,MSTR.US,210981237,3013049,151.95,149.71,-1.474169134583736,1.4737799155326137,-2.9479490501163497
2025-12,50,ADVANCED MICRO DEVICES INC,AMD.US,210856305,-30337356,214.16,236.73,10.538849458348887,1.4737799155326137,9.065069542816273
2025-12,47,SNDSK CRP ORD WI,SNDK.US,209982273,-15583549,237.38,576.25,142.75423371808915,1.4737799155326137,141.28045380255654
2025-12,31,ELI LILLY & CO,LLY.US,209398177,69028909,1074.6801,1037.15,-3.4922113101377716,1.4737799155326137,-4.965991225670385
2025-12,37,AMAZON.COM INC,AMZN.US,189292394,50928662,230.82,239.3,3.673858417814757,1.4737799155326137,2.2000785022821434
2025-12,46,RIGETTI COMPUTING INC MRGR 008989411 KYG8T86C1136,RGTI.US,169988141,28392943,22.15,18.17,-17.968397291196382,1.4737799155326137,-19.442177206728996
2026-01,2,TESLA INC,TSLA.US,2236805703,534843882,430.41,402.51,-6.482191398898729,-0.8641993149992033,-5.6179920838995265
2026-01,6,NVIDIA CORP,NVDA.US,1532473749,-239972507,191.13,177.19,-7.2934651807670114,-0.8641993149992033,-6.429265865767809
2026-01,3,ALPHABET INC CL A,GOOGL.US,1243744780,772530593,338.0,311.76,-7.76331360946746,-0.8641993149992033,-6.899114294468257
2026-01,7,PALANTIR TECHNOLOGIES INC CL A,PLTR.US,979065427,101662480,146.59,137.19,-6.412442867862755,-0.8641993149992033,-5.548243552863552
2026-01,5,MICRON TECHNOLOGY INC,MU.US,972369531,323453361,414.88,412.37,-0.604994215194754,-0.8641993149992033,0.2592050998044493
2026-01,11,IONQ INC,IONQ.US,610938251,142015887,39.98,38.37,-4.027013506753374,-0.8641993149992033,-3.1628141917541703
2026-01,13,SNDSK CRP ORD WI,SNDK.US,540718146,99158504,576.25,635.36,10.257700650759215,-0.8641993149992033,11.121899965758418
2026-01,19,ROCKET LAB CORPORATION COM USD0.0001 MRGR 978814817 US7731221062,RKLB.US,444341909,3084004,80.07,69.1,-13.700512051954538,-0.8641993149992033,-12.836312736955335
2026-01,20,BROADCOM INC EXOF 005644980 SG9999014823,AVGO.US,427555001,9759327,331.3,319.55,-3.546634470268639,-0.8641993149992033,-2.682435155269436
2026-01,23,IRIS ENERGY LTD,IREN.US,401130641,-3105994,53.74,40.95,-23.79977670264235,-0.8641993149992033,-22.935577387643146
2026-01,18,MICROSOFT CORP,MSFT.US,386491001,79607084,430.29,392.74,-8.726672709103166,-0.8641993149992033,-7.862473394103963
2026-01,21,INTEL CORP,INTC.US,380998706,42839797,46.47,45.61,-1.8506563374219964,-0.8641993149992033,-0.9864570224227931
2026-01,16,NUSCALE POWER CORP CL A MRGR 009185329 KYG8377A1085,SMR.US,358518021,135178153,17.48,12.85,-26.487414187643022,-0.8641993149992033,-25.623214872643818
2026-01,38,ADVANCED MICRO DEVICES INC,AMD.US,319095439,-44682422,236.73,200.21,-15.42685760148692,-0.8641993149992033,-14.562658286487718
2026-01,30,AMAZON.COM INC,AMZN.US,283553947,26582852,239.3,210.0,-12.244045131633941,-0.8641993149992033,-11.379845816634738
2026-01,25,AST SPACEMOBILE INC CL A EXOF 008072919 US64822P2056,ASTS.US,256110515,108090003,111.21,79.19,-28.792374786440067,-0.8641993149992033,-27.928175471440863
2026-01,40,UNITEDHEALTH GROUP INC,UNH.US,244007489,15301740,286.93,293.27,2.2095981598299064,-0.8641993149992033,3.0737974748291097
2026-01,45,BLOOM ENERGY CORP CL A,BE.US,240411207,-10558485,151.37,155.67,2.840721411111824,-0.8641993149992033,3.7049207261110273
2026-01,47,APPLE INC,AAPL.US,213182407,13142012,259.48,264.18,1.811314937567432,-0.8641993149992033,2.6755142525666353
2026-01,41,TAIWAN SEMICONDUCTOR MANUFACTURING CO LTD ADR,TSM.US,208986582,49104799,330.56,374.58,13.31679574056146,-0.8641993149992033,14.180995055560663
2026-01,39,REDWIRE CORP EXOF 008516579 KYG382451170,RDW.US,197878334,65676584,11.75,9.07,-22.808510638297875,-0.8641993149992033,-21.94431132329867
2026-01,49,ORACLE CORP,ORCL.US,195813492,21327468,164.58,145.4,-11.653906914570422,-0.8641993149992033,-10.78970759957122
2026-01,33,ALPHABET INC CL C CHAN 39527405649 US38259P7069,GOOG.US,188796912,106682350,338.53,311.43,-8.00519894839452,-0.8641993149992033,-7.140999633395317
2026-01,44,ALTC ACQUISITION CORP,OKLO.US,183714858,56051948,79.62,62.95,-20.936950514945995,-0.8641993149992033,-20.07275119994679
2026-01,48,MICROSTRATEGY INC CL A,MSTR.US,158834445,67381608,149.71,129.5,-13.499432235655606,-0.8641993149992033,-12.635232920656403
2026-02,3,TESLA INC,TSLA.US,1776135436,73414773,402.51,371.75,-7.64204616034384,-5.196868759019813,-2.4451774013240275
2026-02,9,NVIDIA CORP,NVDA.US,1477589172,-469621472,177.19,174.4,-1.5745809582933479,-5.196868759019813,3.6222878007264647
2026-02,2,SNDSK CRP ORD WI,SNDK.US,1432523425,477850134,635.36,635.34,-0.003147821707372156,-5.196868759019813,5.19372093731244
2026-02,4,ALPHABET INC CL A,GOOGL.US,1296048478,373702024,311.76,287.56,-7.762381318963296,-5.196868759019813,-2.5655125599434836
2026-02,6,PALANTIR TECHNOLOGIES INC CL A,PLTR.US,1181643065,122073002,137.19,146.28,6.625847364968296,-5.196868759019813,11.822716123988108
2026-02,7,MICRON TECHNOLOGY INC,MU.US,1168341994,106603137,412.37,337.84,-18.07357470233044,-5.196868759019813,-12.876705943310627
2026-02,5,MICROSOFT CORP,MSFT.US,854741985,514317969,392.74,370.17,-5.7468045017059595,-5.196868759019813,-0.5499357426861469
2026-02,13,IONQ INC,IONQ.US,463141993,230462637,38.37,28.83,-24.863174354964812,-5.196868759019813,-19.666305595944998
2026-02,15,AMAZON.COM INC,AMZN.US,400262535,176815069,210.0,208.27,-0.8238095238095156,-5.196868759019813,4.373059235210297
2026-02,16,ADVANCED MICRO DEVICES INC,AMD.US,391634951,108628813,200.21,203.43,1.6083112731631877,-5.196868759019813,6.805180032183
2026-02,23,IRIS ENERGY LTD,IREN.US,356311714,21525429,40.95,34.28,-16.288156288156287,-5.196868759019813,-11.091287529136475
2026-02,28,ROCKET LAB CORPORATION COM USD0.0001 MRGR 978814817 US7731221062,RKLB.US,345395633,-7747825,69.1,64.22,-7.062228654124447,-5.196868759019813,-1.8653598951046346
2026-02,25,LUMENTUM HOLDINGS INC SOFF 39520207144 US46612J5074,LITE.US,277329860,65138241,700.91,702.76,0.2639425889201297,-5.196868759019813,5.460811347939942
2026-02,41,BLOOM ENERGY CORP CL A,BE.US,252957944,-6828165,155.67,135.49,-12.963319843258159,-5.196868759019813,-7.766451084238346
2026-02,34,ALPHABET INC CL C CHAN 39527405649 US38259P7069,GOOG.US,215530717,74347372,311.43,286.86,-7.8894133513149,-5.196868759019813,-2.6925445922950875
2026-02,40,TAIWAN SEMICONDUCTOR MANUFACTURING CO LTD ADR,TSM.US,204449764,42331114,374.58,337.95,-9.778952426717924,-5.196868759019813,-4.582083667698111
2026-02,43,ORACLE CORP,ORCL.US,191496373,46008892,145.4,147.11,1.1760660247592813,-5.196868759019813,6.372934783779094
2026-02,37,NUSCALE POWER CORP CL A MRGR 009185329 KYG8377A1085,SMR.US,189995508,76387355,12.85,10.84,-15.642023346303501,-5.196868759019813,-10.445154587283689
2026-02,44,AST SPACEMOBILE INC CL A EXOF 008072919 US64822P2056,ASTS.US,182221041,53793462,79.19,82.87,4.647051395378221,-5.196868759019813,9.843920154398035
2026-02,45,JOBY AVIATION INC EXOF 008448244 KYG7483N1117,JOBY.US,144024574,91563978,10.06,8.26,-17.892644135188874,-5.196868759019813,-12.695775376169061
2026-02,49,COUPANG INC,CPNG.US,132999636,85544292,19.08,18.88,-1.0482180293501009,-5.196868759019813,4.148650729669711
2026-03,2,TESLA INC,TSLA.US,1715114435,52228406,371.75,381.63,2.657700067249502,10.505274164283286,-7.8475740970337835
2026-03,3,NVIDIA CORP,NVDA.US,1432661823,42871553,174.4,199.57,14.432339449541276,10.505274164283286,3.9270652852579904
2026-03,6,MICRON TECHNOLOGY INC,MU.US,1114511788,-86653551,337.84,517.16,53.07838029836609,10.505274164283286,42.573106134082806
2026-03,12,PALANTIR TECHNOLOGIES INC CL A,PLTR.US,966470130,-367706912,146.28,139.11,-4.9015586546349414,10.505274164283286,-15.406832818918227
2026-03,8,SNDSK CRP ORD WI,SNDK.US,951741109,-186073545,635.34,1096.51,72.58633172789372,10.505274164283286,62.081057563610436
2026-03,13,ALPHABET INC CL A,GOOGL.US,762959119,-235217999,287.56,384.8,33.81555153707052,10.505274164283286,23.310277372787233
2026-03,9,Circle Internet,CRCL.US,744522857,12447132,95.41,90.88,-4.747929986374599,10.505274164283286,-15.253204150657885
2026-03,14,LUMENTUM HOLDINGS INC SOFF 39520207144 US46612J5074,LITE.US,428091875,35469487,702.76,902.32,28.396607661221474,10.505274164283286,17.891333496938188
2026-03,15,ROCKET LAB CORPORATION COM USD0.0001 MRGR 978814817 US7731221062,RKLB.US,410647509,35150891,64.22,82.51,28.480224229212105,10.505274164283286,17.97495006492882
2026-03,17,MICROSOFT CORP,MSFT.US,371909250,63068970,370.17,407.78,10.160196666396516,10.505274164283286,-0.3450774978867699
2026-03,20,IONQ INC,IONQ.US,350355311,43906131,28.83,45.12,56.50364203954214,10.505274164283286,45.99836787525886
2026-03,30,ORACLE CORP,ORCL.US,331616592,-31177498,147.11,161.39,9.707021956359174,10.505274164283286,-0.7982522079241114
2026-03,35,BROADCOM INC EXOF 005644980 SG9999014823,AVGO.US,310556733,-72194197,309.51,417.43,34.86801718845918,10.505274164283286,24.36274302417589
2026-03,31,TAIWAN SEMICONDUCTOR MANUFACTURING CO LTD ADR,TSM.US,299715542,-14824945,337.95,396.06,17.19485130936529,10.505274164283286,6.689577145082005
2026-03,40,ADVANCED MICRO DEVICES INC,AMD.US,282982266,-59502436,203.43,354.49,74.25650100771763,10.505274164283286,63.751226843434345
2026-03,33,IRIS ENERGY LTD,IREN.US,268785478,-6472255,34.28,45.51,32.759626604434054,10.505274164283286,22.254352440150768
2026-03,36,OCCIDENTAL PETROLEUM CORP,OXY.US,222369739,12692532,65.0,60.58,-6.800000000000006,10.505274164283286,-17.30527416428329
2026-03,32,APPLIED OPTOELECTRONICS INC,AAOI.US,198124549,79734096,84.59,164.36,94.30192694171889,10.505274164283286,83.79665277743561
2026-03,39,II-VI INCORPORATED Com CHAN 009623241 US9021041085,COHR.US,186200831,38043277,238.21,319.71,34.21350908861926,10.505274164283286,23.708234924335976
2026-03,41,YANDEX NV CL A,NBIS.US,164562310,47965889,103.76,138.23,33.220894371626805,10.505274164283286,22.71562020734352
2026-03,37,BITMINE IMMERSION TECHNOLOGI,BMNR.US,163841105,64721892,19.78,21.4,8.190091001011112,10.505274164283286,-2.3151831632721738
2026-03,45,MARVELL TECHNOLOGY INC,MRVL.US,132905605,65519096,99.05,165.15,66.73397274103989,10.505274164283286,56.22869857675661
2026-04,2,TESLA INC,TSLA.US,1624145922,140757608,381.63,435.79,14.191756413279876,5.262572009016786,8.92918440426309
2026-04,8,NVIDIA CORP,NVDA.US,1323464570,-681968934,199.57,211.14,5.797464548779874,5.262572009016786,0.5348925397630877
2026-04,6,MICRON TECHNOLOGY INC,MU.US,846084668,-123650609,517.16,971.0,87.75620697656433,5.262572009016786,82.49363496754754
2026-04,5,SNDSK CRP ORD WI,SNDK.US,798258421,138851957,1096.51,1694.98,54.57952959845327,5.262572009016786,49.316957589436484
2026-04,9,PALANTIR TECHNOLOGIES INC CL A,PLTR.US,740553456,-116820755,139.11,156.54,12.52965279275391,5.262572009016786,7.267080783737123
2026-04,15,ALPHABET INC CL A,GOOGL.US,599148362,-102748614,384.8,380.34,-1.1590436590436681,5.262572009016786,-6.421615668060454
2026-04,13,IONQ INC,IONQ.US,514886283,-1408119,45.12,72.07,59.72960992907801,5.262572009016786,54.46703792006122
2026-04,12,MICROSOFT CORP,MSFT.US,470949047,104019551,407.78,450.24,10.412477316199919,5.262572009016786,5.149905307183133
2026-04,10,INTEL CORP,INTC.US,468458762,141251782,94.48,114.68,21.380186282811174,5.262572009016786,16.117614273794388
2026-04,22,LUMENTUM HOLDINGS INC SOFF 39520207144 US46612J5074,LITE.US,444893915,10126743,902.32,854.96,-5.248692259952126,5.262572009016786,-10.511264268968912
2026-04,18,ROCKET LAB CORPORATION COM USD0.0001 MRGR 978814817 US7731221062,RKLB.US,417673210,60633125,82.51,143.48,73.89407344564293,5.262572009016786,68.63150143662614
2026-04,26,Circle Internet,CRCL.US,308302828,60606092,90.88,113.0,24.339788732394375,5.262572009016786,19.07721672337759
2026-04,29,AMAZON.COM INC,AMZN.US,307556333,27535499,265.06,270.64,2.105183731985205,5.262572009016786,-3.157388277031581
2026-04,45,ADVANCED MICRO DEVICES INC,AMD.US,305491703,-83467615,354.49,516.1,45.58943834804931,5.262572009016786,40.32686633903253
2026-04,33,AST SPACEMOBILE INC CL A EXOF 008072919 US64822P2056,ASTS.US,284390456,-16841830,73.9,113.41,53.46414073071717,5.262572009016786,48.20156872170038
2026-04,28,ORACLE CORP,ORCL.US,272972859,67630424,161.39,225.78,39.89714356527667,5.262572009016786,34.634571556259885
2026-04,32,IRIS ENERGY LTD,IREN.US,263799154,3961956,45.51,63.54,39.61766644693474,5.262572009016786,34.355094437917955
2026-04,23,MARVELL TECHNOLOGY INC,MRVL.US,259524159,137648125,165.15,205.0,24.12957917045111,5.262572009016786,18.867007161434323
2026-04,35,TAIWAN SEMICONDUCTOR MANUFACTURING CO LTD ADR,TSM.US,242160315,22536147,396.06,418.45,5.6531838610311524,5.262572009016786,0.39061185201436643
2026-04,43,PLANET LABS PBC,PL.US,218225540,7881231,36.97,51.14,38.32837435758725,5.262572009016786,33.065802348570465
2026-04,49,META PLATFORMS INC CL A,META.US,199945665,-9039351,611.91,632.51,3.366508146622871,5.262572009016786,-1.8960638623939152
2026-04,50,APPLIED OPTOELECTRONICS INC,AAOI.US,187729884,2680035,164.36,158.41,-3.6201022146507777,5.262572009016786,-8.882674223667564
2026-04,34,NUSCALE POWER CORP CL A MRGR 009185329 KYG8377A1085,SMR.US,185387462,80588972,12.46,12.67,1.6853932584269593,5.262572009016786,-3.5771787505898267
2026-04,40,CoreWeave Inc,CRWV.US,185095386,52408033,111.6,109.53,-1.8548387096774088,5.262572009016786,-7.117410718694195
2026-04,36,YANDEX NV CL A,NBIS.US,182360940,78482377,138.23,231.09,67.177891919265,5.262572009016786,61.91531991024821
