code,name
005930,삼성전자
000660,SK하이닉스
005935,삼성전자우
402340,SK스퀘어
009150,삼성전기
005380,현대차
373220,LG에너지솔루션
207940,삼성바이오로직스
032830,삼성생명
028260,삼성물산
012450,한화에어로스페이스
105560,KB금융
000270,기아
329180,HD현대중공업
034020,두산에너빌리티
055550,신한지주
012330,현대모비스
068270,셀트리온
034730,SK
006400,삼성SDI
086790,하나금융지주
035420,NAVER
066570,LG전자
010120,LS ELECTRIC
042660,한화오션
267260,HD현대일렉트릭
298040,효성중공업
000810,삼성화재
009540,HD한국조선해양
005490,POSCO홀딩스
069500,KODEX 200
010130,고려아연
316140,우리금융지주
042700,한미반도체
096770,SK이노베이션
017670,SK텔레콤
015760,한국전력
006800,미래에셋증권
360750,TIGER 미국S&P500
000150,두산
011200,HMM
051910,LG화학
010140,삼성중공업
138040,메리츠금융지주
018260,삼성에스디에스
267250,HD현대
033780,KT&G
003550,LG
079550,LIG디펜스앤에어로스페이스
035720,카카오
010950,S-Oil
024110,기업은행
064350,현대로템
086280,현대글로비스
011070,LG이노텍
272210,한화시스템
003670,포스코퓨처엠
278470,에이피알
047810,한국항공우주
030200,KT
307950,현대오토에버
000720,현대건설
133690,TIGER 미국나스닥100
005830,DB손해보험
071050,한국금융지주
259960,크래프톤
078930,GS
005940,NH투자증권
323410,카카오뱅크
102110,TIGER 200
379800,KODEX 미국S&P500
006260,LS
028050,삼성E&A
003490,대한항공
396500,TIGER 반도체TOP10
003230,삼양식품
379810,KODEX 미국나스닥100
047050,포스코인터내셔널
161390,한국타이어앤테크놀로지
443060,HD현대마린솔루션
016360,삼성증권
488770,KODEX 머니마켓액티브
180640,한진칼
009830,한화솔루션
278530,KODEX 200TR
090430,아모레퍼시픽
039490,키움증권
064400,LG씨엔에스
352820,하이브
005387,현대차2우B
047040,대우건설
007660,이수페타시스
021240,코웨이
326030,SK바이오팜
000100,유한양행
267270,HD건설기계
459580,KODEX CD금리액티브(합성)
122630,KODEX 레버리지
032640,LG유플러스
241560,두산밥캣
381180,TIGER 미국필라델피아반도체나스닥
377300,카카오페이
498400,KODEX 200타겟위클리커버드콜
000880,한화
353200,대덕전자
001440,대한전선
091160,KODEX 반도체
029780,삼성카드
062040,산일전기
229200,KODEX 코스닥150
036570,NC
271560,오리온
175330,JB금융지주
010060,OCI홀딩스
034220,LG디스플레이
454910,두산로보틱스
128940,한미약품
000500,가온전선
005385,현대차우
088350,한화생명
148020,RISE 200
138930,BNK금융지주
088980,맥쿼리인프라
051900,LG생활건강
000990,DB하이텍
310970,TIGER MSCI Korea TR
066970,엘앤에프
011790,SKC
458730,TIGER 미국배당다우존스
395160,KODEX AI반도체TOP2플러스
082740,한화엔진
360200,ACE 미국S&P500
411060,ACE KRX금현물
004170,신세계
001040,CJ
233740,KODEX 코스닥150레버리지
002380,KCC
004020,현대제철
381170,TIGER 미국테크TOP10 INDXX
018880,한온시스템
001450,현대해상
052690,한전기술
111770,영원무역
395270,HANARO Fn K-반도체
423160,KODEX KOFR금리액티브(합성)
367380,ACE 미국나스닥100
357870,TIGER CD금리투자KIS(합성)
103590,일진전기
102780,KODEX 삼성그룹
007340,DN오토모티브
036460,한국가스공사
273130,KODEX 종합채권(AA-이상)액티브
022100,포스코DX
011780,금호석유화학
161890,한국콜마
487240,KODEX AI전력핵심설비
251270,넷마블
031210,서울보증보험
035250,강원랜드
009420,한올바이오파마
028670,팬오션
008930,한미사이언스
006360,GS건설
455890,RISE 머니마켓액티브
302440,SK바이오사이언스
012750,에스원
023530,롯데쇼핑
005850,에스엘
375500,DL이앤씨
483650,달바글로벌
004800,효성
017800,현대엘리베이터
450080,에코프로머티
139260,TIGER 200 IT
085620,미래에셋생명
192820,코스맥스
097950,CJ제일제당
139130,iM금융지주
001720,신영증권
003690,코리안리
489790,한화비전
204320,HL만도
004370,농심
026960,동서
426030,TIME 미국나스닥100액티브
383220,F&F
481050,KODEX CD1년금리플러스액티브(합성)
282330,BGF리테일
000240,한국앤컴퍼니
336260,두산퓨얼셀
009970,영원무역홀딩스
011170,롯데케미칼
181710,NHN
449170,TIGER KOFR금리액티브(합성)
161510,PLUS 고배당주
