month,AAOI.US,AAPL.US,ACWI.US,AGG.US,AMC.US,AMD.US,AMZN.US,APP.US,ARM.US,ASML.US,ASTS.US,AVGO.US,BA.US,BABA.US,BABAF.US,BE.US,BITX.US,BMNR.US,BOIL.US,BYDDF.US,BYND.US,CBRS.US,COHR.US,COIN.US,CONL.US,CONY.US,COPX.US,CPNG.US,CRCL.US,CRDO.US,CRWV.US,DELL.US,DJT.US,DRAM.US,DXYZ.US,EMLC.US,FIG.US,FRCB.US,FUBO.US,GDXU.US,GEV.US,GLW.US,GME.US,GOOG.US,GOOGL.US,HIMS.US,HOOD.US,HYG.US,INOD.US,INTC.US,IONQ.US,IREN.US,IVV.US,JEPI.US,JEPQ.US,JOBY.US,KI5.F,KO.US,LAES.US,LITE.US,LLY.US,LQD.US,LUNR.US,MARA.US,META.US,MNDR.US,MOD.US,MP.US,MRVL.US,MSFT.US,MSS.US,MSTR.US,MSTU.US,MU.US,NBIS.US,NKE.US,NNOX.US,NVAX.US,NVDA.US,NVDL.US,NVO.US,O.US,OKLO.US,OPEN.US,ORCL.US,OXY.US,PFE.US,PL.US,PLTR.US,PLUG.US,QBTS.US,QCOM.US,QLD.US,QQQ.US,QQQM.US,QUBT.US,RDW.US,RGTI.US,RIVN.US,RKLB.US,RXRX.US,RZLV.US,SBET.US,SBUX.US,SCHD.US,SERV.US,SES.US,SGOV.US,SLV.US,SMCI.US,SMR.US,SNDK.US,SNPS.US,SOUN.US,SOXL.US,SOXX.US,SPY.US,SQQQ.US,TEM.US,TLT.US,TLTW.US,TMF.US,TOP.US,TQQQ.US,TSLA.US,TSLL.US,TSLT.US,TSLY.US,TSM.US,U.US,ULTY.US,UNH.US,VKTX.US,VOO.US,VRT.US,VST.US,XIACF.US,YINN.US,ZETA.US
2023-01,2.39,141.882,85.9661,88.4766,53.5,75.15,103.13,12.7,,640.745,5.385,55.8158,213.0,103.7766,12.9111,24.93,,0.9997,1518.0,9.4029,16.43,,43.4,58.48,9.1674,,38.5203,16.89,,17.33,,38.1776,15.31,,,20.4749,,140.88,30.84,55.44,,31.7368,21.87,98.9972,97.9713,8.28,10.41,62.3332,4.4,27.2505,4.44,2.14,389.346,42.1371,30.078,4.42,,55.2902,,60.18,334.9356,95.4941,10.119,7.21,147.6732,,23.89,32.51,42.6553,240.9505,,25.173,,59.4107,,118.85,9.22,10.91,19.4937,4.2713,63.6138,56.4661,10.02,2.19,85.0129,61.0757,36.249,4.95,7.78,17.02,1.25,123.1949,21.05,289.0371,118.7235,1.76,2.56,0.781,19.4,4.97,8.33,10.02,64.8,100.2477,22.7963,,3.3,86.0202,21.83,7.233,10.66,,353.75,1.99,14.208,131.3932,389.6644,795.9081,,93.4714,21.4434,83.878,4.72,10.9979,173.22,8.7446,,16.0596,88.5025,35.52,,466.2834,8.76,357.223,14.1686,22.0494,1.66,59.4113,9.08
2023-02,2.81,145.1712,83.1116,86.1184,71.4,78.58,94.23,13.5,,600.246,6.44,56.7012,201.55,82.6728,10.4614,21.69,,0.8498,1334.0,7.9798,17.84,,43.13,64.83,10.0352,,35.3297,15.51,,10.61,,38.1964,14.79,,,19.8889,,123.01,22.92,34.28,,31.3878,19.23,89.5108,89.2684,11.27,10.07,61.1585,6.76,24.3324,4.74,2.77,379.4863,41.1905,29.8542,4.7,,53.6582,,53.81,303.8672,91.513,20.1,7.1,173.4171,,24.41,35.0,44.6324,243.1233,,26.227,,56.9672,,110.8787,7.29,9.26,23.1645,5.4401,64.6268,53.4462,10.11,1.44,83.9942,55.2029,33.3021,4.61,7.84,14.87,0.695,114.2427,20.6832,287.9972,118.3023,1.44,3.88,0.75,19.3,4.5,8.15,10.1,49.2,94.242,22.0395,,3.23,86.3327,19.22,9.797,10.35,,363.76,2.99,14.3352,133.3949,379.8672,791.2572,,88.9375,20.5389,71.0983,4.34,10.6234,205.71,11.1688,,19.2238,83.1005,30.44,,444.5661,11.01,348.2982,16.1913,21.0263,1.54,39.1307,10.61
2023-03,2.21,162.3956,85.8813,88.3928,50.1,98.01,103.29,15.75,,661.4434,5.08,61.6499,212.43,96.224,11.8986,19.93,,1.0097,722.0,8.7111,16.23,,38.08,67.57,10.1649,,36.1134,16.0,,9.42,,37.7923,14.05,,,20.6492,,13.99,14.52,52.52,,32.6174,23.02,103.0911,102.8183,9.92,9.71,62.3718,8.54,31.8868,6.15,3.06,393.6276,42.1328,31.9312,4.34,,56.3594,,54.01,335.3065,95.0346,10.8,8.72,210.095,,23.05,28.19,42.8036,281.0218,,29.232,,59.4501,,114.7987,5.77,6.93,27.7201,7.046,73.5309,53.1361,10.15,1.76,89.2991,59.022,33.4909,3.93,8.45,11.72,0.664,118.709,24.569,315.3362,129.5532,1.31,3.03,0.723,15.48,4.04,6.67,10.08,45.6,96.1251,21.8085,,2.95,86.7017,22.12,10.655,9.09,,386.25,2.76,17.9338,145.0996,393.952,597.4181,,93.2415,21.6091,80.2306,5.6,13.6452,207.46,11.1171,,19.79,89.2211,32.44,,443.0092,16.65,361.2204,14.2583,23.1307,1.546,44.6254,10.83
2023-04,1.94,167.103,87.2285,88.9013,55.0,89.37,105.45,17.0,,618.8345,5.31,60.2046,206.78,79.7535,9.4685,16.65,,0.9497,676.0,8.9748,13.54,,34.14,53.79,7.0925,,36.841,16.76,,8.11,,41.2289,13.08,,,20.7635,,3.51,13.68,55.61,,30.7129,19.29,107.2742,106.3966,11.59,8.85,62.4976,6.62,30.3154,5.51,4.0,399.9282,43.1015,32.7424,4.33,,58.2856,,48.25,386.5075,95.6091,7.75,10.07,238.228,,20.91,21.67,39.0853,299.5031,,32.838,,63.5389,,118.6179,6.11,7.67,27.6922,6.9771,77.2042,52.9501,10.28,1.38,91.419,58.1711,31.9231,4.08,7.75,9.03,0.497,108.6785,24.6533,316.9378,130.2107,1.15,3.23,0.47,12.82,3.92,4.77,10.19,31.44,105.5041,21.6326,,1.63,86.9972,23.0,10.543,8.87,,371.32,2.66,13.9453,134.4848,400.2454,589.2789,,93.557,21.8289,79.9595,108.21,13.6404,164.31,7.7272,,16.1909,80.8572,26.97,,461.2886,21.31,366.9643,14.8661,22.9957,1.4,38.3134,9.71
2023-05,2.22,174.7994,86.3147,87.8843,45.0,118.21,120.58,25.01,,704.5238,5.42,77.6423,205.7,74.9131,8.9029,13.72,,1.0997,512.0,8.9482,10.15,,36.96,62.2,8.5489,,32.2791,15.6,,13.42,,42.4803,12.88,,,20.6479,,0.2664,18.6,41.94,,28.743,24.05,122.2918,121.7901,8.94,8.92,61.7278,10.13,30.812,10.79,3.57,401.6231,42.3524,34.1624,5.62,,54.206,12.0,52.9,420.4044,93.9174,6.86,9.79,262.4156,,27.29,20.72,57.9053,320.7995,,30.163,,67.3299,,98.53,17.79,8.05,37.7565,10.8578,74.1408,50.3029,10.695,2.64,102.248,54.5124,31.5466,4.59,14.71,8.32,1.26,106.257,28.4103,341.9246,140.427,1.17,2.44,0.939,14.73,4.58,8.77,10.25,37.68,90.5829,20.7443,,1.51,87.3638,21.61,22.395,7.5,,454.96,3.05,20.7268,155.5513,402.093,469.2255,,90.7359,21.6217,71.557,9.21,16.7789,203.93,10.5521,,19.3445,94.5636,29.72,,456.7422,21.96,368.7316,19.2302,23.1017,1.316,28.62,9.02
2023-06,5.96,191.2883,91.3074,87.5604,44.0,113.91,130.36,25.73,,706.2975,4.7,83.8012,211.16,78.4916,9.5375,16.35,11.2648,1.0297,689.9,9.6694,12.98,,50.98,71.55,10.2148,,35.6041,17.4,,17.34,,51.2968,12.56,,,21.2201,,0.55,24.96,36.91,,32.6893,24.25,119.9128,118.6479,9.4,9.98,62.8268,11.33,32.772,13.53,4.66,428.1202,43.6749,35.2428,10.26,,55.1315,14.92,56.73,459.0911,94.678,8.19,13.86,284.4818,,33.02,22.88,59.1824,332.6686,,34.242,,62.3049,,103.6533,15.49,7.43,42.2198,12.6103,74.7738,50.8147,10.43,4.02,114.9397,55.7573,30.4348,3.22,15.33,10.39,2.09,111.532,31.9095,363.4803,149.3662,1.18,2.55,1.175,16.66,6.0,7.47,10.45,35.76,91.9002,21.8474,,2.44,87.7755,20.89,24.925,6.8,,435.41,4.55,24.3707,165.7472,428.1489,390.0833,,90.9329,21.9156,70.8954,9.39,19.8593,261.77,15.1517,,22.5958,97.2106,43.42,,452.3808,16.21,392.7358,24.6805,25.5076,1.37,32.3885,8.54
2023-07,6.75,193.734,94.5908,87.5468,49.7,114.4,133.68,31.4,,698.1698,4.29,86.8174,238.85,96.2052,11.7586,17.86,10.0107,0.6998,623.2,10.7843,17.2,,47.36,98.61,15.9905,,39.4813,18.15,,16.97,,50.5176,16.87,,,21.6098,,0.32,40.44,40.26,,31.6631,22.2,131.9467,131.5535,8.97,12.86,63.5275,12.83,35.0555,19.25,6.66,442.0191,44.3974,36.2903,8.95,,56.697,11.13,52.36,444.9654,94.7291,8.45,17.37,315.8266,,37.56,23.85,64.5437,328.1554,,43.788,,70.6119,,103.6721,12.4,9.28,46.6381,14.511,74.4365,52.0338,10.33,5.11,113.5416,59.8632,30.2537,3.72,19.84,13.12,2.1,123.8338,34.2142,377.511,155.2139,1.42,3.64,2.49,27.64,7.37,14.12,10.57,34.32,94.2288,22.762,,3.14,88.1317,22.69,33.027,7.58,,451.8,2.33,27.8845,174.9092,442.1636,348.8265,,88.6194,21.5961,64.7148,7.12,21.9469,267.43,15.4267,,23.8576,95.5057,45.84,,476.598,14.5,405.6573,25.916,27.2664,1.471,43.8369,9.22
2023-08,13.77,185.5228,91.8404,86.9937,12.55,105.72,138.01,43.22,,645.1471,3.92,89.1592,224.03,87.485,10.8254,14.99,7.6526,0.6998,626.2,9.5122,11.8,,37.63,79.6,11.3021,19.48,35.8026,18.98,,16.46,,53.6869,16.42,,,21.0774,,0.13,28.08,32.01,,30.881,18.55,136.1496,134.9732,6.71,10.89,63.644,13.0,34.562,17.19,4.86,434.8247,44.3977,36.2429,7.45,,54.7745,5.73,54.13,543.6771,93.5653,4.76,12.57,293.3143,,47.59,20.94,57.7256,320.8619,,35.753,,69.1777,,95.5203,8.325,8.0,49.259,15.5062,86.1784,48.0438,10.36,3.9,116.6022,59.5408,29.6832,3.25,14.98,8.46,1.16,108.0662,32.8512,371.9125,152.7569,1.18,3.22,1.8,22.73,6.31,8.7,10.53,28.32,90.8794,22.422,,2.11,88.5641,22.39,27.508,5.97,,458.89,2.52,23.4187,166.8613,434.9776,365.3292,,85.8349,20.7664,57.6252,5.65,20.5568,258.08,14.4227,,21.5307,90.1308,37.07,,448.5595,13.81,399.0519,39.2476,30.5313,1.57,30.9799,8.13
2023-09,10.97,169.071,87.9098,84.7413,7.99,102.82,127.12,39.96,53.52,574.9509,3.8,80.6782,191.68,81.684,10.2654,13.26,7.9905,0.7538,543.8,9.3339,9.62,,32.64,75.08,10.1948,19.1771,34.4314,17.0,,15.25,,65.7722,16.42,,,20.1322,,0.072,32.04,23.65,,28.6698,16.46,130.6977,129.7098,6.29,9.81,62.6168,8.53,34.9652,14.88,3.71,414.3706,43.0382,35.034,6.45,,51.6564,2.01,45.18,526.9312,90.2372,3.65,8.5,297.5966,,45.75,19.1,53.6427,309.1047,,32.828,,67.2885,,90.1021,6.56,7.24,43.418,12.6986,84.4421,43.0363,10.35,2.64,102.5875,61.692,27.829,2.6,16.0,7.6,0.965,104.7921,29.4982,353.0194,145.108,1.08,2.89,1.33,24.28,4.38,7.65,10.7,19.2,85.1248,21.4793,,2.27,88.9445,20.34,27.422,4.9,,458.97,2.01,18.5517,155.3162,414.3448,429.003,,79.01,19.5433,44.1945,5.13,17.3141,250.22,13.5961,,20.9819,84.1571,31.39,,476.3935,11.07,380.1206,37.0655,32.4411,1.501,27.3974,8.35
2023-10,7.43,168.6365,85.6733,83.4106,10.68,98.5,133.09,36.44,49.29,584.8645,3.31,81.7263,186.82,77.7288,9.4367,10.4,12.8269,0.5498,688.6,9.2161,5.97,,29.6,77.12,10.4143,20.5817,31.0649,17.0,,14.22,,64.2331,14.92,,,20.0948,,0.0175,29.04,25.43,,25.179,13.77,124.2049,122.9894,5.98,9.14,61.9638,7.5,35.8996,9.64,3.08,405.2134,42.5716,34.7682,5.27,,52.127,1.444,39.21,543.4122,88.0608,2.99,8.81,298.6474,,39.5,16.4,46.8476,330.9941,56.0,42.339,,66.2515,,96.8395,5.05,6.66,40.7041,11.3637,89.6698,41.0576,10.32,1.9,100.5132,58.7729,25.6393,2.16,14.8,5.89,0.722,102.8389,28.042,345.7279,142.0761,0.727,2.68,1.06,16.22,4.23,5.28,10.7,19.08,86.0295,20.6597,,1.81,89.3365,20.98,23.947,3.38,,469.44,1.59,14.6487,145.0656,405.3499,455.4484,,74.6936,18.551,36.4926,4.44,15.9337,200.84,9.6236,16.8,17.7556,83.5857,25.37,,506.0341,9.81,371.8638,39.1281,31.9913,1.78,23.8638,7.8
2023-11,13.25,187.8239,93.287,87.2412,6.65,121.16,146.09,37.48,61.5,669.5468,4.85,89.9206,231.63,70.5153,8.651,14.44,14.449,0.6018,362.6,8.1328,7.29,,36.79,124.72,21.0081,26.8543,32.5118,15.28,,17.91,,72.8346,17.36,,,21.2157,,0.014,38.28,34.69,,27.0686,14.55,132.7496,131.3652,8.89,8.8,64.9919,6.76,44.1093,12.23,4.935,442.344,44.5665,37.4572,5.96,,54.3558,1.05,42.8,580.8889,94.7312,2.85,11.97,324.3021,,49.2,15.87,55.2905,371.6883,145.2,49.83,,75.4159,,103.9067,6.7,5.5,46.6829,13.851,94.5632,46.9836,10.35,3.01,112.9656,56.2436,25.9084,2.43,20.05,4.04,0.82,122.5412,34.1504,383.1316,157.4521,0.891,2.56,1.06,16.76,4.38,6.85,10.78,16.44,93.123,21.962,,2.13,89.7436,23.13,27.347,2.77,,543.23,2.14,22.4252,168.4328,442.3762,336.2343,,82.1061,19.6463,47.2203,4.39,21.3243,240.08,12.4008,23.39,19.5827,94.2385,29.51,,522.4843,12.22,405.9653,43.5022,34.6214,2.02,22.1396,8.17
2023-12,19.32,190.3751,97.7767,90.467,6.12,147.41,151.94,39.85,75.145,741.1861,6.03,108.9253,260.66,73.9533,9.079,14.8,17.0925,0.655,284.4,8.3645,8.9,,43.53,173.92,33.8564,34.9582,35.8228,16.19,,19.47,,73.4394,17.5,,,21.8268,,0.041,38.16,33.39,,28.9308,17.53,139.6983,138.4622,8.9,12.74,67.0662,8.14,49.5859,12.39,7.15,462.7407,45.4597,38.58,6.65,,54.8116,1.28,52.42,572.9083,99.349,2.555,23.49,350.8787,,59.7,19.85,59.8344,368.873,13.7,63.162,,84.6638,,102.6493,6.37,4.8,49.4341,14.9334,96.0582,50.2162,10.56,4.48,102.4865,56.9576,24.4799,2.47,17.17,4.5,0.88,137.3354,37.8124,404.5371,166.2882,0.913,2.85,0.985,23.46,5.53,9.86,10.77,18.0,90.0377,23.3468,,1.83,90.1365,21.78,28.426,3.29,,514.91,2.12,30.9397,189.2834,462.5731,288.2307,,89.2376,19.9737,59.658,3.78,24.7524,248.48,12.9783,24.57,21.1018,101.1854,40.89,,499.1422,18.61,424.553,47.8829,37.8758,2.02,20.2611,8.82
2024-01,15.73,182.3361,98.0457,90.3303,4.05,167.69,155.2,41.13,70.67,851.7392,2.87,115.1461,211.04,68.8584,8.4643,11.32,16.5894,0.6498,231.0,6.7987,6.62,,47.54,128.2,21.0979,27.5449,34.5714,14.0,,20.51,,79.9196,37.95,,,21.4996,,0.07,29.88,23.25,,30.8691,14.23,140.5607,138.8686,8.58,10.74,67.1442,10.37,42.5107,10.27,3.92,470.0747,46.27,39.7391,5.46,,55.3324,1.96,54.94,634.5216,98.9091,3.78,17.73,386.7438,,69.09,15.81,67.2372,390.0024,8.95,50.121,,85.0706,,95.9932,5.44,4.0,61.4178,20.7384,106.5415,47.7885,11.12,3.42,109.0022,54.9162,23.3724,2.26,16.09,4.45,0.845,141.0197,38.907,411.8964,169.3172,0.811,2.9,1.24,15.31,4.85,9.41,10.89,14.76,87.2431,23.3804,,1.31,90.532,20.91,52.961,2.89,,533.35,1.66,31.6294,192.5526,469.9402,273.8727,,87.2341,19.7047,54.7434,3.11,25.6995,187.29,8.3509,13.41,16.5808,109.9029,32.4,,485.1768,24.14,431.3761,56.1575,40.3439,1.64,14.6104,9.68
2024-02,15.98,178.955,102.4652,88.9986,4.32,192.53,176.76,59.72,141.04,933.5285,3.17,126.9037,203.72,70.633,8.748,8.77,32.9685,0.6848,170.1,7.4589,10.69,,59.48,203.56,48.32,34.708,34.3708,18.52,,21.54,,91.2789,41.16,,,21.4529,,0.062,24.84,18.69,,30.8983,14.27,138.5584,137.243,13.04,16.31,67.3479,7.4,42.6056,10.36,5.9,494.5376,47.3595,41.4516,5.62,,55.8254,1.81,48.47,742.0339,96.9978,6.03,25.9,486.3789,,89.71,15.21,71.1701,406.5067,15.3,102.284,,89.8921,,98.2623,11.16,4.94,78.9716,33.0001,111.2121,46.0121,10.64,3.08,108.9827,57.8161,22.9236,2.19,25.08,3.53,1.85,150.5927,42.8076,433.6584,178.2759,0.831,3.23,1.88,11.32,4.585,13.46,10.99,17.04,89.5322,23.8098,,1.77,90.9366,20.73,86.612,3.1,,573.73,7.42,42.212,214.2506,494.4649,235.5134,,85.2694,19.478,50.1522,2.71,29.4685,201.88,9.2457,15.2,18.3304,125.1877,29.32,28.5183,467.9784,77.05,453.8382,67.4129,53.6279,1.69,17.4551,10.5
2024-03,13.86,169.777,105.8087,89.802,3.72,180.49,180.38,69.22,124.99,951.9602,2.9,129.8862,192.99,69.0397,8.3224,11.24,39.9902,0.6898,128.6,7.6463,8.28,,60.62,265.12,76.7,45.2009,40.5323,17.79,,21.19,,110.0342,61.96,,25.0,21.31,,0.038,18.96,31.1,136.1746,31.5884,12.52,150.9293,149.6034,15.47,20.13,68.082,6.6,43.714,9.99,5.4,510.9631,48.3548,42.4939,5.36,,57.3595,1.55,47.35,765.9387,98.4928,6.25,22.58,481.8637,,95.19,14.3,70.3955,413.4646,13.6,170.456,,117.0688,,89.1724,9.77,4.78,90.1999,41.5,120.0856,47.9986,11.42,3.03,122.5763,62.2183,23.9507,2.55,23.01,3.44,2.04,161.5777,43.5521,439.1878,180.5979,0.99,4.39,1.53,10.95,4.11,9.97,11.08,17.52,86.2207,24.9193,5.15,1.68,91.3173,22.75,101.003,5.31,,571.5,5.89,45.8856,222.9123,510.6348,227.9927,,85.9369,19.7894,50.659,2.67,30.1628,175.79,7.4019,11.17,16.4582,132.9051,26.7,28.8124,470.8703,82.0,468.7245,81.4473,68.7217,2.14,18.5184,10.93
2024-04,9.85,168.6385,102.0521,87.5794,2.93,158.38,175.0,70.57,101.21,857.6091,2.21,127.4226,167.84,71.4154,9.079,11.13,26.0969,0.5498,133.6,8.219,6.78,,54.63,203.93,42.39,38.1522,43.723,22.5,,17.87,,120.6555,49.93,,17.49,20.832,,0.04,17.04,33.73,153.0632,31.9909,11.09,163.2011,161.3493,12.53,16.49,67.1653,5.84,30.1554,8.55,4.34,490.2711,47.0253,41.0959,5.05,,57.9126,1.24,43.76,769.0302,95.3032,5.06,16.06,426.8778,986.0,92.63,16.0,65.5145,382.6159,10.7,106.503,,112.1732,,87.5404,8.96,4.33,86.2527,36.43,120.0014,47.7276,13.74,1.99,111.3609,63.3192,22.1123,1.69,21.97,2.31,1.37,158.285,39.4896,419.9787,172.6797,0.768,3.78,1.28,8.9,3.76,7.82,11.56,12.36,83.4848,23.7943,2.66,1.58,91.7196,24.05,85.88,5.8,,530.59,4.24,37.6513,211.1411,490.0462,259.9726,,80.3953,18.6891,40.8433,2.54,25.8413,183.28,7.6026,11.39,16.9274,134.1653,24.27,25.0871,460.4001,79.58,449.9346,92.7465,74.8292,2.2,21.5546,12.36
2024-05,10.49,190.5989,106.7214,89.0413,4.33,166.9,176.44,81.48,120.52,943.9923,8.275,130.194,177.61,74.7453,9.3249,16.32,32.9815,0.5498,162.1,8.506,7.59,,57.06,225.92,48.8,42.3698,46.0347,22.74,,26.07,,135.0985,49.09,,14.87,21.3064,,0.0251,15.0,40.4,175.1598,35.982,23.14,172.4396,170.9838,19.42,20.9,68.2626,12.62,30.6555,8.15,7.79,515.0743,48.0622,43.1513,4.87,,59.0002,1.21,43.5,809.0405,97.413,5.01,19.52,463.2572,56.8,100.92,16.22,68.3971,408.7069,11.1,152.449,,124.1293,,90.1877,8.36,15.03,109.4436,56.73,126.5201,47.2997,10.07,2.18,114.7287,59.8345,25.1092,1.86,21.68,3.33,1.35,195.5407,44.3685,445.8151,183.7415,0.724,5.14,1.05,10.92,4.37,8.28,11.55,10.56,76.2567,24.2826,2.88,1.25,92.1565,27.76,78.451,8.73,,560.8,5.05,47.9171,230.8946,514.8326,217.9854,,82.7163,19.169,43.7899,2.49,30.6381,178.08,6.982,10.46,17.0951,147.5486,18.27,26.5858,471.508,62.26,472.5469,97.8026,97.7595,2.24,23.8149,16.33
2024-06,8.29,208.8112,108.8962,89.8296,4.98,162.21,193.25,83.22,163.62,1005.3097,11.61,157.8368,182.01,70.1708,8.7683,12.24,24.9579,0.5398,156.7,9.4881,6.71,,72.46,222.23,45.47,40.7535,43.2426,20.95,,31.94,,133.5012,32.75,,15.22,21.0022,,0.02,14.88,33.54,170.7883,37.5175,24.69,182.0239,180.7562,20.19,22.71,68.5899,14.83,30.7748,7.03,11.29,533.4557,48.2411,44.5642,5.1,,60.1383,0.8169,50.92,892.9092,97.9934,3.3,19.85,500.8578,56.4,100.19,12.73,69.4805,440.0345,13.2,137.748,,130.6138,,71.7939,7.34,12.66,123.3367,69.55,133.497,47.3199,8.47,1.84,138.2344,60.5659,24.5134,1.86,25.33,2.33,1.14,190.8738,49.7432,474.6594,195.169,0.502,7.17,1.07,13.42,4.8,7.5,11.44,7.2,74.0038,24.287,1.95,1.25,92.5237,26.57,81.935,11.69,,595.06,3.95,54.7466,243.6568,532.996,183.6336,35.0,84.2193,19.5837,45.4537,2.6,36.3083,197.88,8.4842,12.64,18.2103,170.226,16.26,27.0235,486.7853,53.01,489.4028,86.3576,85.0547,2.18,21.7961,17.65
2024-07,9.55,220.1728,110.5722,92.0026,5.31,144.48,186.98,77.1,144.17,922.4511,20.68,157.9616,190.6,76.8468,9.6403,13.54,28.2095,0.5797,94.4,9.5962,6.28,,69.68,224.36,43.78,39.9094,41.9293,20.75,,27.75,,110.4275,28.74,,12.28,21.4885,,0.015,17.52,43.91,177.49,38.6377,22.67,171.832,170.2274,21.24,20.57,70.2032,19.35,30.5462,8.15,10.07,539.3924,49.2086,43.4648,5.98,,63.0578,0.654,51.78,793.1919,100.5783,3.98,19.67,471.6638,45.2,117.66,13.52,66.6334,411.877,10.7,161.444,,109.1504,,71.3081,8.62,12.81,116.8274,59.34,124.0417,51.7073,9.1,2.32,136.9066,58.4423,27.1339,2.54,26.89,2.47,1.0,173.404,47.6002,466.6941,191.852,0.682,7.08,1.03,16.41,5.24,8.2,8.29,7.8,74.0989,25.7925,17.52,1.23,92.9379,26.39,70.165,10.22,,558.32,5.09,43.8982,232.5425,539.4501,190.5087,43.28,87.2765,20.2789,49.7273,2.4,33.5834,232.07,10.8727,16.14,18.9337,162.3812,16.36,26.447,550.7328,57.0,495.0784,78.5069,78.3675,2.101,20.6069,21.42
2024-08,11.35,227.2961,113.3334,93.3469,4.82,148.56,178.5,92.87,132.88,890.1205,29.04,160.0654,173.74,81.2227,9.9861,11.91,21.0256,0.5778,86.7,9.8098,6.08,,77.95,183.36,27.52,34.8575,41.5459,22.15,,34.91,,112.2343,19.5,,13.03,22.1043,,0.013,20.16,43.79,200.1542,40.6866,23.42,163.8532,162.1299,14.73,20.12,71.2896,17.28,22.04,7.42,7.91,552.4844,50.6193,44.1065,5.0,,68.4717,0.595,57.61,948.1195,102.4601,4.97,16.7,517.8339,32.56,121.55,12.9,75.8455,411.426,9.2,132.42,,95.6532,,79.3667,6.37,12.38,119.1736,58.39,130.636,56.1782,5.97,2.15,138.7131,54.7524,25.7745,2.69,31.48,1.88,1.01,167.9896,48.1185,471.8458,194.1491,0.647,6.75,0.916,14.13,6.27,7.28,8.78,8.16,90.4411,26.4015,8.495,1.07,93.3765,26.35,43.77,8.23,,519.58,4.89,38.3602,228.3536,552.0547,181.8593,59.38,89.1191,20.7289,52.0797,2.1,33.7457,214.11,8.8807,13.15,17.6204,168.1595,16.37,26.0431,564.1532,64.12,506.9287,82.8263,84.5106,2.49,22.0106,26.41
2024-09,14.31,231.2664,115.8233,94.5907,4.55,164.08,186.33,130.55,143.01,820.5747,26.15,170.1394,152.04,103.424,12.5436,10.56,23.8816,0.4459,116.0,11.4385,6.78,,88.91,178.17,24.84,33.5082,45.3132,24.55,,30.8,,115.1485,16.07,,9.95,22.7886,,0.0125,17.04,46.78,253.907,43.8949,22.93,166.1358,164.7994,18.42,23.42,72.5019,16.77,23.46,8.74,8.44,564.4899,51.5593,45.2807,5.03,,68.3608,0.4399,63.38,874.9578,104.4718,8.05,16.22,569.1654,24.4,132.79,17.65,71.7468,424.4057,14.8,168.6,40.1,103.0777,,84.5905,6.08,12.63,121.2505,58.19,111.7766,57.6064,8.09,2.0,167.2921,49.7348,25.7123,2.23,37.2,2.26,0.983,163.8007,50.2124,484.2155,199.173,0.653,6.87,0.783,11.22,9.73,6.59,6.71,8.88,93.2336,26.6378,7.95,0.64,93.7725,28.41,41.64,11.58,,506.39,4.66,36.3379,228.3649,563.6504,167.1508,56.6,90.8971,21.2136,54.5321,1.93,35.7689,261.63,12.8253,18.92,19.4337,170.5764,22.62,26.7819,560.8586,63.31,517.9605,99.2744,117.5431,2.842,36.0412,29.83
2024-10,15.62,224.2291,113.4012,92.2085,4.39,144.07,186.4,169.39,141.3,663.8566,23.81,167.4468,149.31,95.4908,11.7008,9.6,28.1912,0.1999,74.7,11.7396,6.09,,92.44,179.25,22.82,33.5107,41.8814,25.79,,37.7,,120.5196,35.34,,10.79,21.7723,,0.0079,20.88,48.45,300.3906,46.2671,22.18,171.6011,170.026,18.83,23.49,71.8035,20.11,21.52,15.03,9.12,559.0292,51.1862,45.4478,4.8,,62.1297,0.3778,63.87,819.4545,101.1504,7.8,16.77,564.3332,17.72,117.77,17.99,79.7615,400.7838,9.0,244.5,76.69,99.154,21.38,73.8062,5.67,9.61,132.5529,67.76,105.0927,54.1526,22.46,1.75,165.1493,48.3549,25.1437,2.21,41.56,1.96,1.06,156.7882,49.0057,480.0288,197.4674,1.12,7.69,1.32,10.1,10.7,6.32,4.9,8.16,93.4344,26.6882,10.13,0.473,94.1555,29.81,29.11,19.14,,513.61,5.03,29.8093,216.1539,558.6206,171.9007,44.62,85.9388,20.1496,45.3458,1.7,34.2689,249.85,11.0064,16.14,18.5405,187.1459,20.08,27.1256,541.5008,72.54,513.0525,109.0532,123.9092,3.435,32.1862,27.68
2024-11,41.22,235.8233,117.9741,93.2332,4.95,137.18,207.89,336.75,134.29,677.7348,23.81,159.862,155.44,85.1503,10.522,27.45,51.9072,0.3699,91.78,10.5977,4.98,,100.16,296.2,53.38,50.5085,40.8653,25.36,,48.96,,124.38,31.6,,41.26,21.6659,,0.005,19.32,37.31,332.714,47.6003,29.05,169.415,167.8797,32.22,37.54,72.984,41.08,24.05,36.5,13.51,592.136,53.3939,47.9716,8.95,,61.422,0.4149,86.97,786.7917,102.9621,16.35,27.42,571.0346,11.4,135.79,21.07,92.2867,418.4954,9.4,387.47,158.61,97.4624,21.99,75.3755,6.46,8.72,138.0343,71.89,100.2582,53.0381,23.54,2.34,181.8768,48.8084,23.6485,3.93,67.08,2.24,3.02,152.7041,53.9572,505.7144,208.0483,7.06,13.96,3.05,12.23,27.28,7.07,2.12,7.44,98.5927,27.9172,8.7,0.35,94.5265,27.92,32.64,29.65,,558.49,9.31,27.7983,213.3215,591.9331,147.3822,62.59,87.6466,20.314,47.0075,1.67,39.4203,345.16,19.8226,29.08,24.3783,181.3706,24.11,29.9491,585.3388,52.94,543.2661,127.3235,158.4958,3.6,27.1114,21.3
2024-12,36.86,248.8302,114.8381,91.6542,3.98,120.79,219.39,323.83,123.36,684.1212,21.1,229.2801,177.0,82.6359,9.7621,22.21,45.0231,0.3899,111.64,10.9354,3.76,,94.73,248.3,35.29,43.2121,37.1007,21.98,,67.21,,112.3407,34.1,,58.86,21.1812,,0.0034,15.12,27.18,327.7921,46.4756,31.34,189.4539,188.3164,24.18,37.26,72.4151,39.52,20.05,41.77,9.82,578.1196,51.1819,48.1842,8.13,9.839,59.6775,6.15,83.95,763.6929,100.2078,18.16,16.77,582.6302,12.84,115.93,15.6,109.9695,416.5584,12.2,289.62,76.0,83.8499,27.7,72.7787,7.2,8.04,134.0897,66.39,80.751,49.1573,21.23,1.6,163.9686,47.8956,23.9372,4.04,75.63,2.13,8.4,148.7486,54.0017,508.0101,208.9963,16.55,16.46,15.26,13.3,25.47,6.76,3.82,7.68,87.8058,26.0688,13.5,2.19,94.8943,26.33,30.48,17.93,,485.36,19.84,27.1318,213.747,577.6906,144.713,33.76,82.0538,19.5375,38.2131,1.53,39.1751,403.84,25.9095,37.88,26.0566,194.4588,22.47,28.6718,487.1111,40.24,530.5879,113.3977,136.9322,4.42,27.5667,17.99
2025-01,27.92,234.5017,118.4445,92.1271,3.11,115.95,237.68,369.59,159.55,729.7536,20.24,218.8268,176.52,96.3289,12.1295,23.58,51.3146,0.3499,103.76,11.2635,3.96,,90.49,291.33,46.29,45.8489,37.1007,23.51,,70.02,,101.3981,31.86,,54.68,21.5937,,0.005,48.48,39.18,371.59,50.9354,26.9,204.5354,202.9599,37.28,51.95,73.4003,37.08,19.43,39.49,10.22,593.8129,52.463,49.1157,8.26,11.244,60.8469,3.18,85.06,802.3524,100.7893,21.68,18.34,685.7903,10.68,101.45,21.96,112.428,410.1939,11.0,334.79,91.9,90.9038,32.66,73.9617,7.28,8.69,119.8909,49.03,79.2772,50.5392,41.61,1.38,167.7681,45.2202,24.3238,6.1,82.49,1.86,5.94,167.4462,55.8826,519.0004,213.5049,10.38,23.92,13.17,12.56,29.05,7.24,2.5,5.16,103.6157,26.5554,16.59,1.18,95.2349,28.51,28.52,23.84,,525.48,14.15,26.8437,216.3657,593.2053,134.9074,57.39,82.4579,19.7036,38.1461,1.41,40.9524,404.6,25.1284,36.55,25.7855,206.1073,22.2,29.6015,522.3834,32.75,544.8863,116.8014,166.887,5.15,30.8226,18.35
2025-02,21.86,240.5689,118.0926,94.1887,3.3,99.86,212.28,325.74,131.69,701.3943,27.11,197.2279,174.63,129.1435,15.5979,24.02,34.3513,0.2813,156.48,15.4222,3.16,,75.19,215.62,23.99,35.9827,37.1396,23.7,,55.18,,100.5759,24.1,,40.6,21.7969,,0.01,36.36,39.53,334.0205,49.3297,25.04,171.3283,169.3952,45.09,50.1,74.1126,52.72,23.73,24.57,8.24,586.3296,53.1481,48.2201,7.0,16.948,68.2562,2.88,70.33,912.2932,103.1794,14.58,13.92,664.9135,17.2,84.56,24.01,91.4685,393.1224,11.5,255.43,49.5,93.285,32.49,76.395,6.19,8.33,124.7337,51.44,85.0974,53.0059,33.39,1.34,163.822,47.3431,24.2412,4.62,84.92,1.61,5.48,152.186,52.5299,504.9694,207.8145,6.065,13.97,8.46,11.84,20.49,7.51,1.83,4.44,112.0436,27.2329,9.01,0.663,95.5514,28.31,41.46,17.19,46.85,457.28,10.82,22.5817,206.8334,585.6747,145.9212,56.18,87.1556,20.4354,44.5325,1.29,37.0908,292.98,12.6583,18.37,19.5228,177.7592,25.64,27.6597,457.3563,28.87,537.9932,94.9922,132.7508,6.72,40.2647,17.21
2025-03,15.35,220.9625,113.7532,94.1641,2.87,102.74,190.26,264.97,106.79,655.4478,22.74,166.0823,170.55,128.8706,16.1503,19.66,31.3763,0.4397,171.52,16.371,3.05,,64.94,172.23,13.86,27.958,37.9656,21.93,,40.16,37.08,89.2127,19.54,,35.39,22.0884,,0.0036,35.04,59.76,304.2239,45.0312,22.32,155.5981,154.0136,29.55,41.62,73.3082,35.9,22.71,22.07,6.09,553.5348,51.4009,44.9899,6.02,14.769,69.1558,2.6,62.34,818.4309,102.7019,7.45,11.5,574.0355,9.15,76.75,24.41,61.3343,371.7329,10.3,288.27,54.6,86.6825,21.11,61.3635,4.995,6.41,108.2283,37.4,66.237,54.1713,21.63,1.02,137.9258,48.0915,23.2415,3.38,84.4,1.35,7.6,149.5409,44.3545,466.6612,191.995,8.0,8.29,7.92,12.45,17.88,5.29,1.21,3.48,94.8999,26.92,5.75,0.521,95.8688,30.99,34.24,14.16,47.61,428.85,8.12,15.8951,186.8866,553.0409,180.772,48.24,86.1056,20.5368,42.3515,1.24,28.4513,259.16,9.0276,13.06,17.6323,163.9624,19.59,24.5363,506.4934,24.15,507.8225,72.0959,116.8427,6.33,41.0211,13.56
2025-04,12.79,211.3831,114.3396,94.5702,2.67,97.35,184.42,269.31,114.05,662.8853,23.21,190.9207,183.24,116.3958,14.497,18.32,39.4813,0.3399,111.22,15.2952,2.48,,64.32,202.89,18.0,31.2947,36.7412,23.37,,43.05,41.3,90.3857,24.54,,37.09,22.7745,,0.0035,36.0,66.06,369.8189,43.6541,27.86,160.2393,158.1568,33.1,49.11,73.3945,37.82,20.1,27.46,6.11,549.6534,50.3661,45.0783,6.3,11.207,70.0538,2.43,59.04,890.8095,102.4238,8.2,13.37,546.7858,7.8,81.64,24.46,58.2126,391.4093,10.0,380.11,82.8,76.7663,22.73,54.5195,5.03,6.67,108.7676,34.7,63.3849,54.2825,23.74,0.758,139.3222,38.3972,22.3885,3.29,118.44,0.8726,6.91,144.5273,44.2048,473.1796,194.81,6.74,10.78,8.87,13.66,21.79,5.59,2.31,3.24,77.4466,24.8596,6.17,0.899,96.2185,29.6,31.86,16.57,32.11,459.01,9.29,12.1182,182.5861,548.2459,146.447,51.67,84.9338,20.404,40.0414,1.155,27.2497,282.16,9.7198,13.96,19.4803,164.6439,21.07,25.3769,397.8838,28.87,503.7019,85.2568,128.9707,6.4,31.8614,13.06
2025-05,15.42,200.0563,120.8487,93.9965,3.56,110.73,205.01,393.0,124.54,731.0412,23.07,240.1215,207.32,110.9479,13.8812,18.47,47.6785,14.9956,97.42,15.9368,2.93,,75.63,246.62,24.44,35.251,39.9382,28.05,,60.96,111.31,109.6035,21.33,,42.46,23.0901,,0.004,43.92,69.66,471.7031,49.0538,29.8,172.1509,171.0444,56.56,66.15,74.6816,39.47,19.55,40.34,8.39,583.3344,51.2691,46.7555,7.82,12.75,69.6193,3.35,72.28,732.4883,102.6352,11.41,14.12,644.8786,7.1,90.8,21.79,60.0277,456.712,9.02,369.06,74.6,94.2344,36.75,58.5698,5.12,7.34,134.9409,52.14,68.202,53.3668,52.72,0.652,163.8858,39.732,21.9557,3.84,131.78,0.8827,16.33,141.3537,52.2643,516.6094,212.6149,11.325,14.31,12.11,14.53,26.79,4.18,2.0,76.7,81.7916,25.1966,11.7,0.909,96.5589,30.0,40.02,31.99,37.69,463.98,10.11,16.1144,203.5422,582.7004,111.8863,55.18,82.2069,20.0412,35.556,1.25,34.7573,346.46,14.1388,20.27,23.4241,190.947,26.08,28.7809,291.9626,26.8,535.3426,107.7743,159.7533,6.45,34.3343,13.14
2025-06,25.69,204.3593,126.6573,95.3644,3.1,141.9,219.39,350.08,161.74,795.1587,46.73,274.0781,209.53,112.3779,14.4254,23.92,49.2573,33.89,92.16,15.5255,3.49,,89.21,350.49,46.13,44.1982,43.969,29.96,181.29,92.59,163.06,120.7638,18.04,,38.09,23.8351,,0.01,46.32,72.7,527.7215,52.0213,24.39,176.8849,175.7287,49.85,93.63,76.0542,51.22,22.4,42.97,14.57,613.5663,52.4689,48.9047,10.55,14.587,68.8015,4.03,95.06,774.0543,104.7728,10.87,15.68,735.6788,5.35,98.5,33.27,77.1913,493.4684,8.83,404.23,86.5,122.9557,55.33,69.1278,5.17,6.3,157.7799,70.42,65.8364,54.5592,55.99,0.533,216.4583,41.1588,22.6567,6.1,136.32,1.49,14.64,155.9726,58.8064,549.5994,226.2237,19.17,16.3,11.86,13.74,35.77,5.06,3.075,9.93,89.2741,25.7649,11.44,0.888,96.8841,32.81,49.01,39.56,45.35,512.68,10.73,25.1027,237.5913,612.6529,93.4092,63.54,84.3969,20.7026,38.1348,1.225,41.3276,317.66,11.2696,16.11,21.6227,224.4284,24.2,30.4855,303.8328,26.5,563.0341,128.2687,193.0686,7.73,40.8034,15.49
2025-07,22.87,206.7498,127.9968,95.1131,2.9,176.31,234.11,390.7,141.375,691.0567,53.17,292.0251,221.84,119.5322,14.926,37.39,56.6672,34.6298,71.54,14.6098,3.04,,107.6,377.76,52.15,45.8588,42.0637,29.43,183.52,111.55,114.13,131.2369,17.59,,29.7,23.499,115.5,0.0032,47.76,66.4,658.7941,62.5562,22.45,192.3108,191.3541,66.18,103.05,76.1579,54.9,19.8,39.87,16.11,627.4009,52.4964,49.9881,16.66,14.478,66.0203,3.09,110.08,734.8715,104.6787,11.16,16.08,770.9133,4.85,134.56,61.5,80.2189,529.2724,8.72,401.86,81.5,108.9819,54.43,72.6795,4.71,6.65,177.6334,87.96,44.8988,53.4069,76.59,1.84,251.7831,43.0497,22.1444,6.25,158.35,1.5,17.19,143.7306,61.3343,562.9199,231.6726,14.84,14.29,14.5,12.87,45.92,5.95,2.93,18.81,86.8676,25.7649,10.19,1.3,97.2483,33.32,58.97,50.21,42.92,633.47,10.33,24.9727,238.9151,626.7632,87.9202,56.59,83.4351,20.6602,36.3661,1.15,43.9218,308.27,10.1913,14.56,21.2593,239.4206,33.36,32.174,243.0507,32.57,575.9098,145.4398,207.7423,6.713,42.3865,15.65
2025-08,24.2,231.4851,131.4242,96.2455,2.81,162.63,229.0,478.59,138.31,738.7148,48.94,295.6941,234.68,133.7715,16.5689,52.94,47.4555,43.6072,60.96,13.6196,2.5,,90.47,304.54,31.51,37.9493,48.6688,28.58,131.98,123.055,103.04,120.8123,17.53,,27.36,24.0914,70.28,0.002,42.36,117.95,611.5813,66.5756,22.41,212.922,212.3043,42.35,104.03,77.0001,37.98,24.35,42.74,26.48,640.6624,53.4577,50.9244,14.15,15.098,67.09,2.69,132.81,729.0319,105.7712,8.77,15.98,736.2868,4.795,136.13,71.14,62.7518,503.5012,9.28,334.41,52.65,118.8376,68.32,75.2874,3.87,7.47,173.9483,83.09,54.4626,56.1786,73.64,4.45,224.3595,46.6454,23.5421,7.09,156.71,1.57,15.62,157.4122,62.0587,568.29,233.904,15.78,8.91,16.23,13.57,48.6,4.7,3.74,17.82,86.4895,27.1455,11.1,1.09,97.6189,36.19,41.54,34.65,52.47,603.52,13.02,26.0324,244.1806,639.6241,85.6768,75.86,83.4457,20.8613,35.8899,1.16,44.4944,333.87,11.7276,16.68,22.6841,228.7685,39.41,31.7875,301.7876,27.05,587.8638,127.4097,188.3866,6.845,46.5983,19.64
2025-09,25.93,253.9117,136.1517,97.3318,2.9,161.79,219.57,718.54,141.49,962.9991,49.08,328.5907,215.83,177.1035,22.3073,84.57,51.9177,51.9148,59.98,14.0625,1.89,,107.72,337.49,37.4,40.6322,58.4397,32.2,132.58,145.61,136.85,140.2175,16.42,,21.3,24.3641,51.87,0.0031,49.8,204.88,613.5069,81.474,27.28,243.0736,242.6253,56.72,143.18,77.6848,77.07,33.55,61.5,46.93,663.387,53.7604,53.0342,16.14,28.048,64.9881,3.74,162.71,759.3045,107.7599,10.52,18.26,732.4749,4.26,142.16,67.07,83.912,514.6903,11.4,322.21,46.5,167.0776,112.27,68.2203,3.7,8.67,186.3423,93.62,53.5269,58.3914,111.63,7.97,279.038,46.5401,24.2267,12.98,182.42,2.33,24.71,163.8532,68.564,598.8425,246.4681,18.41,8.99,29.79,14.68,47.91,4.88,4.98,17.01,82.9687,26.797,11.63,1.67,97.9314,42.37,47.94,36.0,112.2,493.39,16.08,34.84,270.4282,662.4079,73.8443,80.71,86.4459,21.5906,39.4498,1.29,51.5344,444.72,20.2325,28.7,28.7535,277.4376,40.04,32.7631,338.4151,26.28,608.7299,150.7365,195.3807,6.95,54.056,19.87
2025-10,35.56,269.6072,139.2738,97.9311,2.59,256.12,244.22,637.33,169.82,1055.5292,80.25,368.1518,201.02,168.879,22.0673,132.16,46.2887,46.6363,60.18,12.9001,1.655,,131.96,343.78,36.92,40.9265,60.3451,31.97,126.98,187.62,133.71,160.8068,15.325,,28.58,24.4655,49.84,0.0008,45.36,153.85,584.0577,88.4762,22.29,281.2687,280.6409,45.46,146.78,77.6764,74.61,39.99,62.38,60.75,679.1763,53.894,54.9169,17.34,61.051,67.5163,7.42,201.56,858.6809,107.921,11.93,18.27,646.6681,2.6,153.21,63.09,93.6257,514.5512,6.98,269.51,30.3,223.5857,130.82,63.1916,3.63,8.4,202.2321,107.98,47.7102,56.2028,132.77,7.77,261.0061,40.581,23.4375,13.45,200.47,2.69,37.06,178.1741,74.7007,627.4695,258.2768,16.71,7.87,44.27,13.57,62.98,5.52,4.29,13.84,79.3106,26.2571,13.23,2.36,98.2892,44.01,51.96,44.87,199.33,453.82,17.62,47.78,305.7678,678.198,63.8077,89.85,87.6398,22.1147,40.6575,1.2,58.1731,456.56,20.6447,29.19,29.9339,298.4373,37.9,32.3357,334.7497,38.08,623.3025,192.7021,187.7817,5.549,47.3052,17.99
2025-11,26.78,278.3329,139.3329,98.5242,2.45,217.53,233.22,599.48,135.56,1056.2965,56.2,401.3485,189.0,155.8685,18.639,109.24,30.6334,33.1103,71.28,12.5144,0.9818,,164.26,272.82,21.97,32.6824,62.8269,28.16,79.93,177.6,73.12,132.3596,11.54,,22.51,24.8197,35.97,0.0023,36.48,223.83,598.6606,83.9145,22.53,319.4938,319.5547,39.76,128.49,78.256,57.47,40.56,49.3,47.81,680.8117,55.2061,55.0907,14.43,51.614,71.6515,4.47,325.16,1071.8329,108.9263,9.5,11.81,646.2692,2.65,162.13,61.95,89.291,489.8286,4.31,177.18,12.05,236.2852,94.87,63.2308,4.48,7.05,176.7745,80.64,47.6041,56.1093,91.38,7.7,200.7166,41.369,24.9048,11.9,168.45,2.01,22.67,165.5571,71.7723,617.6744,254.2275,11.7,5.51,25.57,16.86,42.14,4.63,3.05,10.62,86.0475,27.0816,10.26,1.97,98.5807,51.21,33.85,20.0,223.28,418.01,12.05,41.26,295.9829,679.5205,66.3386,77.93,87.8785,22.2083,40.5495,1.11,54.3653,430.17,17.7502,25.11,28.609,289.5765,42.52,27.9288,323.1947,36.81,624.6644,179.6499,178.3676,5.37,45.9013,18.25
2025-12,34.86,271.3558,140.5769,98.2497,1.56,214.16,230.82,673.82,109.31,1066.1221,72.63,345.3755,217.12,145.2461,17.36,86.89,27.5938,27.15,45.8,12.1367,0.82,,184.57,226.14,14.65,28.4476,71.79,23.59,79.3,143.89,71.61,124.9451,13.24,,30.63,25.1676,37.37,0.0012,30.24,243.66,652.3611,87.2631,20.08,313.3905,312.5931,32.47,113.1,78.6408,50.95,36.9,44.87,37.77,681.2923,55.3264,55.5025,13.2,55.853,68.9872,3.78,368.59,1071.0457,108.1239,16.23,8.98,658.9146,0.893,133.51,50.52,84.8764,481.4758,3.18,151.95,8.31,285.2902,83.705,62.7286,2.8,6.72,186.2728,88.01,49.08,55.1627,71.76,5.83,193.7195,40.7375,24.0921,19.72,177.75,1.97,26.15,169.3334,70.3954,613.5366,252.5738,10.26,7.6,22.15,19.71,69.76,4.09,2.57,8.94,83.1829,27.1999,10.38,1.8,98.921,64.42,29.27,14.17,237.38,469.72,9.97,42.03,300.8217,680.0628,67.9478,59.05,85.5421,21.7572,37.0886,1.005,52.6334,449.72,18.9639,26.71,29.6118,302.6502,44.17,27.7102,325.7032,35.18,625.1562,161.9378,161.1102,5.07,42.5096,20.35
2026-01,43.61,258.9988,144.5611,98.4956,1.39,236.73,239.3,473.11,105.36,1418.0283,111.21,330.6065,233.72,168.0169,21.3158,151.37,24.6665,25.1,81.34,12.4005,0.7632,,212.18,194.74,10.5,24.6149,84.81,20.16,63.93,125.28,93.19,114.087,12.78,,34.33,25.6355,25.92,0.0027,26.76,284.07,725.5603,102.8999,23.88,338.0882,337.5606,27.09,99.48,79.1187,55.44,46.47,39.98,53.74,691.3286,56.6023,56.7535,10.57,118.684,73.8225,4.11,391.84,1033.6425,108.4968,18.99,9.5,715.2242,1.09,184.66,58.77,78.8805,428.3823,2.56,149.71,7.56,414.7058,85.19,60.8579,2.73,8.85,190.8972,91.4,57.3275,60.1172,79.62,5.15,164.0072,44.9678,26.0106,24.97,146.59,2.115,21.22,150.0687,71.6951,621.0871,255.6995,9.27,11.75,18.17,14.75,80.07,4.19,2.58,8.88,90.8285,29.5699,10.43,2.03,99.2067,75.44,29.11,17.48,576.25,465.115,8.46,61.79,345.9225,690.0854,65.7258,59.82,85.5127,21.7955,36.7011,1.04,53.9113,430.41,16.9792,23.83,29.1188,329.2114,29.1,28.1753,283.0996,29.04,634.2176,186.097,158.1343,4.54,46.033,18.58
2026-02,84.23,263.9368,146.4289,100.0694,1.16,200.21,210.0,434.77,127.45,1447.3986,79.19,318.8811,227.53,142.7985,19.6582,155.67,14.209,18.98,32.88,12.0024,0.9456,,258.93,175.85,7.62,22.1645,95.7,19.08,83.44,112.27,79.56,147.6232,10.71,,28.42,26.0376,29.39,0.0004,14.04,480.06,872.6262,150.1499,24.03,311.0236,311.3547,14.52,75.85,79.1175,44.17,45.61,38.37,40.95,685.7087,58.2206,55.8639,10.06,113.983,80.4834,3.93,700.91,1050.1822,109.9917,16.48,8.94,647.0258,0.93,227.25,58.87,81.6491,391.8912,2.63,129.5,4.89,412.1968,91.19,61.2222,2.37,10.14,176.9741,76.49,36.1251,66.1257,62.95,5.42,144.8939,52.5863,27.201,24.14,137.19,1.79,18.78,140.9313,67.9759,606.5254,249.7177,8.41,9.07,17.42,15.33,69.1,3.67,2.33,6.82,97.4488,31.5035,9.99,1.64,99.4828,84.99,32.39,12.85,635.36,414.0,8.6,62.77,351.906,684.1217,70.2788,53.25,89.4751,22.7476,41.5111,1.01,49.4387,402.51,14.5876,20.455,27.7572,373.0518,18.23,28.9227,289.355,33.84,629.0539,254.7763,173.6531,4.45,37.7885,16.95
2026-03,84.59,253.5564,137.4771,98.2739,0.98,203.43,208.27,398.0,151.28,1317.9513,82.87,309.51,199.03,124.3183,15.1739,135.49,14.711,19.78,32.24,13.6286,0.702,,238.21,174.61,7.0,22.2534,76.35,18.88,95.41,93.87,77.47,163.6237,9.28,,26.78,24.7002,21.14,0.0005,9.46,201.39,872.4542,135.7619,23.04,286.6875,287.3883,20.76,69.3,78.3627,38.62,44.13,28.83,34.28,651.4606,55.4345,53.9112,8.26,104.006,75.5621,2.62,702.76,918.1894,107.7116,18.56,8.16,571.6002,0.9,216.71,48.26,99.0004,369.37,1.45,124.8,4.25,337.84,103.76,52.3516,2.27,8.14,174.197,72.57,36.75,60.6504,49.59,4.68,146.598,64.7011,27.624,27.95,146.28,2.26,14.43,128.3061,61.0,577.18,237.62,6.85,8.5,14.04,15.05,64.22,3.07,2.56,6.45,89.068,30.68,8.44,0.962,99.7726,68.14,22.77,10.84,635.34,396.48,6.87,47.91,328.504,650.34,80.49,45.22,85.6903,22.0695,36.06,0.828,41.68,371.75,12.15,17.01,26.6496,337.3293,21.94,26.6634,269.0533,32.54,597.55,250.5279,150.33,4.15,32.81,15.92
2026-04,164.36,271.1002,150.5621,98.4396,1.52,354.49,265.06,446.35,210.32,1438.99,73.9,417.43,229.03,130.6798,16.5689,283.36,18.3793,21.4,25.92,13.2912,0.984,,319.71,187.77,7.76,23.9115,79.61,19.98,90.88,174.01,111.6,208.95,9.15,39.33,32.56,25.2849,17.7,0.0012,12.32,169.79,1082.9067,163.9887,24.95,381.7103,384.5703,27.17,72.89,79.5541,42.23,94.48,45.12,45.51,720.1361,56.7455,58.1374,9.19,212.125,78.2548,2.9,902.32,932.9939,108.0157,25.35,11.99,611.3434,0.825,254.63,66.04,165.15,406.8987,1.23,165.45,6.99,517.16,138.23,43.9666,1.71,7.93,199.3377,93.4,42.22,63.9578,72.5,5.38,161.39,60.3015,26.2664,36.97,139.11,3.13,20.28,178.9192,81.05,667.74,274.9,9.02,9.19,17.45,16.4,82.51,3.46,2.57,7.2,104.7162,32.07,9.43,1.05,100.0735,66.66,27.4,12.46,1096.51,482.6,7.96,126.98,461.221,718.66,51.65,55.48,84.9708,21.9529,34.82,0.8,63.54,381.63,12.47,17.41,27.3142,395.3325,26.42,29.126,368.376,31.18,660.58,328.4217,157.84,3.765,34.82,18.42
2026-05,158.41,312.06,157.5169,98.7285,1.73,516.1,270.64,613.09,353.29,1612.76,113.41,446.77,231.15,123.0896,15.863,285.0,16.71,19.27,30.03,11.5993,0.789,236.99,361.47,189.03,7.5,24.0182,88.14,16.6,113.0,236.03,109.53,420.91,9.31,63.2,52.5,25.4812,25.5,0.0017,10.09,163.35,967.8255,181.16,21.18,376.2036,380.1129,26.15,94.3,79.901,104.98,114.68,72.07,63.54,758.0144,55.6508,60.5856,11.9,362.627,78.5032,3.48,854.96,1105.0,108.9468,43.83,14.38,631.9243,0.778,278.91,64.7,205.0,450.24,0.915,159.09,6.13,971.0,231.09,45.82,1.92,10.97,210.8942,102.72,45.58,61.28,66.88,5.04,225.78,56.3696,26.18,51.14,156.54,3.95,30.14,250.0963,98.46,738.31,303.96,11.96,24.57,25.54,16.3,143.48,3.59,2.98,6.11,99.16,32.5,9.35,1.31,100.3705,68.33,46.09,12.67,1694.98,475.62,9.0,224.34,568.8099,756.48,38.08,50.47,85.424,22.0331,34.94,0.951,84.56,435.79,15.92,22.15,29.9707,417.6814,30.47,30.9409,378.1502,32.74,695.49,315.6443,160.23,3.615,29.58,22.89
2026-06,170.81,299.24,157.34,98.97,2.49,507.29,246.0,515.2,396.34,1803.89,82.25,376.71,227.49,110.97,13.75,280.88,13.08,16.21,28.33,10.65,0.6844,212.25,382.81,169.27,5.82,21.92,89.79,18.03,79.72,239.18,117.03,404.08,8.16,68.12,28.43,25.81,17.98,0.0006,9.28,137.59,982.35,177.42,21.46,371.1,373.25,31.47,96.71,80.03,107.42,117.05,56.06,59.18,752.01,56.55,60.78,9.34,492.915,80.28,3.07,875.36,1122.5,109.12,23.36,14.42,600.21,0.6814,284.97,57.05,278.67,393.83,0.8,122.81,3.43,1020.76,265.1,45.04,1.72,9.2,207.41,97.38,43.55,62.17,57.45,4.75,188.33,53.67,26.04,28.21,133.25,2.71,23.94,214.07,95.46,729.86,300.56,10.12,13.5,20.64,15.93,104.63,3.18,2.62,5.58,101.68,32.53,6.56,1.04,100.54,63.39,29.22,9.89,1991.55,448.38,7.03,226.19,591.24,750.33,38.35,50.56,86.19,22.26,35.73,1.26,79.93,404.66,13.45,18.67,28.17,425.83,28.06,30.57,407.65,29.65,689.75,299.6,158.61,3.29,28.6,19.73
